date,storage,inflow,outflow,evaporation,elevation
2014-07-02,18.996,NA,NA,NA,NA
2014-07-03,18.872,NA,NA,NA,NA
2014-07-04,18.626,NA,NA,NA,NA
2014-07-05,18.502,NA,NA,NA,NA
2014-07-06,18.256,NA,NA,NA,NA
2014-07-07,18.009,NA,NA,NA,NA
2014-07-08,17.639,NA,NA,NA,NA
2014-07-09,17.392,NA,NA,NA,NA
2014-07-10,17.022,NA,NA,NA,NA
2014-07-11,16.775,NA,NA,NA,NA
2014-07-12,16.405,NA,NA,NA,NA
2014-07-13,16.035,NA,NA,NA,NA
2014-07-14,15.665,NA,NA,NA,NA
2014-07-15,15.295,NA,NA,NA,NA
2014-07-16,14.802,NA,NA,NA,NA
2014-07-17,14.432,NA,NA,NA,NA
2014-07-18,13.938,NA,NA,NA,NA
2014-07-19,13.445,NA,NA,NA,NA
2014-07-20,13.075,NA,NA,NA,NA
2014-07-21,12.705,NA,NA,NA,NA
2014-07-22,12.298,NA,NA,NA,NA
2014-07-23,11.928,NA,NA,NA,NA
2014-07-24,11.521,NA,NA,NA,NA
2014-07-25,11.04,NA,NA,NA,NA
2014-07-26,10.534,NA,NA,NA,NA
2014-07-27,10.028,NA,NA,NA,NA
2014-07-28,9.535,NA,NA,NA,NA
2014-07-29,9.041,NA,NA,NA,NA
2014-07-30,8.61,NA,NA,NA,NA
2014-07-31,8.671,NA,NA,NA,NA
2014-08-01,8.795,NA,NA,NA,NA
2014-08-02,8.893,NA,NA,NA,NA
2014-08-03,8.98,NA,NA,NA,NA
2014-08-04,9.078,NA,NA,NA,NA
2014-08-05,9.177,NA,NA,NA,NA
2014-08-06,9.263,NA,NA,NA,NA
2014-08-07,9.288,NA,NA,NA,NA
2014-08-08,9.325,NA,NA,NA,NA
2014-08-09,9.35,NA,NA,NA,NA
2014-08-10,9.387,NA,NA,NA,NA
2014-08-11,9.411,NA,NA,NA,NA
2014-08-12,9.436,NA,NA,NA,NA
2014-08-13,9.473,NA,NA,NA,NA
2014-08-14,9.485,NA,NA,NA,NA
2014-08-15,9.485,NA,NA,NA,NA
2014-08-16,9.473,NA,NA,NA,NA
2014-08-17,9.473,NA,NA,NA,NA
2014-08-18,9.473,NA,NA,NA,NA
2014-08-19,9.473,NA,NA,NA,NA
2014-08-20,9.448,NA,NA,NA,NA
2014-08-21,9.411,NA,NA,NA,NA
2014-08-22,9.362,NA,NA,NA,NA
2014-08-23,9.313,NA,NA,NA,NA
2014-08-24,9.251,NA,NA,NA,NA
2014-08-25,9.202,NA,NA,NA,NA
2014-08-26,9.152,NA,NA,NA,NA
2014-08-27,9.066,NA,NA,NA,NA
2014-08-28,8.98,NA,NA,NA,NA
2014-08-29,8.893,NA,NA,NA,NA
2014-08-30,8.782,NA,NA,NA,NA
2014-08-31,8.684,NA,NA,NA,NA
2014-09-01,8.573,NA,NA,NA,NA
2014-09-02,8.486,NA,NA,NA,NA
2014-09-03,8.388,NA,NA,NA,NA
2014-09-04,8.277,NA,NA,NA,NA
2014-09-05,8.19,NA,NA,NA,NA
2014-09-06,8.166,NA,NA,NA,NA
2014-09-07,8.227,NA,NA,NA,NA
2014-09-08,8.277,NA,NA,NA,NA
2014-09-09,8.351,NA,NA,NA,NA
2014-09-10,8.412,NA,NA,NA,NA
2014-09-11,8.499,NA,NA,NA,NA
2014-09-12,8.597,NA,NA,NA,NA
2014-09-13,8.696,NA,NA,NA,NA
2014-09-14,8.795,NA,NA,NA,NA
2014-09-15,8.869,NA,NA,NA,NA
2014-09-16,8.967,NA,NA,NA,NA
2014-09-17,9.054,NA,NA,NA,NA
2014-09-18,9.14,NA,NA,NA,NA
2014-09-19,9.226,NA,NA,NA,NA
2014-09-20,9.313,NA,NA,NA,NA
2014-09-21,9.411,NA,NA,NA,NA
2014-09-22,9.485,NA,NA,NA,NA
2014-09-23,9.584,NA,NA,NA,NA
2014-09-24,9.658,NA,NA,NA,NA
2014-09-25,9.67,NA,NA,NA,NA
2014-09-26,9.683,NA,NA,NA,NA
2014-09-27,9.72,NA,NA,NA,NA
2014-09-28,9.744,NA,NA,NA,NA
2014-09-29,9.781,NA,NA,NA,NA
2014-09-30,9.806,NA,NA,NA,NA
2014-10-01,9.868,NA,NA,NA,NA
2014-10-02,9.93,NA,NA,NA,NA
2014-10-03,9.991,NA,NA,NA,NA
2014-10-04,10.065,NA,NA,NA,NA
2014-10-05,10.127,NA,NA,NA,NA
2014-10-06,10.201,NA,NA,NA,NA
2014-10-07,10.263,NA,NA,NA,NA
2014-10-08,10.324,NA,NA,NA,NA
2014-10-09,10.398,NA,NA,NA,NA
2014-10-10,10.46,NA,NA,NA,NA
2014-10-11,10.534,NA,NA,NA,NA
2014-10-12,10.596,NA,NA,NA,NA
2014-10-13,10.657,NA,NA,NA,NA
2014-10-14,10.731,NA,NA,NA,NA
2014-10-15,10.793,NA,NA,NA,NA
2014-10-16,10.855,NA,NA,NA,NA
2014-10-17,10.929,NA,NA,NA,NA
2014-10-18,11.003,NA,NA,NA,NA
2014-10-19,11.064,NA,NA,NA,NA
2014-10-20,11.138,NA,NA,NA,NA
2014-10-21,11.2,NA,NA,NA,NA
2014-10-22,11.299,NA,NA,NA,NA
2014-10-23,11.397,NA,NA,NA,NA
2014-10-24,11.484,NA,NA,NA,NA
2014-10-25,11.57,NA,NA,NA,NA
2014-10-26,11.656,NA,NA,NA,NA
2014-10-27,11.755,NA,NA,NA,NA
2014-10-28,11.841,NA,NA,NA,NA
2014-10-29,11.928,NA,NA,NA,NA
2014-10-30,12.026,NA,NA,NA,NA
2014-10-31,12.113,NA,NA,NA,NA
2014-11-01,12.187,NA,NA,NA,NA
2014-11-02,12.261,NA,NA,NA,NA
2014-11-03,12.322,NA,NA,NA,NA
2014-11-04,12.335,NA,NA,NA,NA
2014-11-05,12.458,NA,NA,NA,NA
2014-11-06,12.581,NA,NA,NA,NA
2014-11-07,12.581,NA,NA,NA,NA
2014-11-08,12.705,NA,NA,NA,NA
2014-11-09,12.705,NA,NA,NA,NA
2014-11-10,12.828,NA,NA,NA,NA
2014-11-11,12.952,NA,NA,NA,NA
2014-11-12,12.952,NA,NA,NA,NA
2014-11-13,13.075,NA,NA,NA,NA
2014-11-14,13.075,NA,NA,NA,NA
2014-11-15,13.198,NA,NA,NA,NA
2014-11-16,13.198,NA,NA,NA,NA
2014-11-17,13.322,NA,NA,NA,NA
2014-11-18,13.445,NA,NA,NA,NA
2014-11-19,13.445,NA,NA,NA,NA
2014-11-20,13.445,NA,NA,NA,NA
2014-11-21,13.568,NA,NA,NA,NA
2014-11-22,13.568,NA,NA,NA,NA
2014-11-23,13.692,NA,NA,NA,NA
2014-11-24,13.692,NA,NA,NA,NA
2014-11-25,13.692,NA,NA,NA,NA
2014-11-26,13.692,NA,NA,NA,NA
2014-11-27,13.568,NA,NA,NA,NA
2014-11-28,13.322,NA,NA,NA,NA
2014-11-29,13.198,NA,NA,NA,NA
2014-11-30,12.952,NA,NA,NA,NA
2014-12-01,12.828,NA,NA,NA,NA
2014-12-02,12.581,NA,NA,NA,NA
2014-12-03,12.458,NA,NA,NA,NA
2014-12-04,12.335,NA,NA,NA,NA
2014-12-05,12.248,NA,NA,NA,NA
2014-12-06,12.088,NA,NA,NA,NA
2014-12-07,11.989,NA,NA,NA,NA
2014-12-08,11.903,NA,NA,NA,NA
2014-12-09,11.73,NA,NA,NA,NA
2014-12-10,11.496,NA,NA,NA,NA
2014-12-11,11.2,NA,NA,NA,NA
2014-12-12,10.904,NA,NA,NA,NA
2014-12-13,10.719,NA,NA,NA,NA
2014-12-14,10.46,NA,NA,NA,NA
2014-12-15,10.152,NA,NA,NA,NA
2014-12-16,9.856,NA,NA,NA,NA
2014-12-17,9.51,NA,NA,NA,NA
2014-12-18,9.152,NA,NA,NA,NA
2014-12-19,8.98,NA,NA,NA,NA
2014-12-20,8.918,NA,NA,NA,NA
2014-12-21,8.844,NA,NA,NA,NA
2014-12-22,8.782,NA,NA,NA,NA
2014-12-23,8.696,NA,NA,NA,NA
2014-12-24,8.647,NA,NA,NA,NA
2014-12-25,8.634,NA,NA,NA,NA
2014-12-26,8.585,NA,NA,NA,NA
2014-12-27,8.548,NA,NA,NA,NA
2014-12-28,8.499,NA,NA,NA,NA
2014-12-29,8.462,NA,NA,NA,NA
2014-12-30,8.425,NA,NA,NA,NA
2014-12-31,8.375,NA,NA,NA,NA
2015-01-01,8.338,NA,NA,NA,NA
2015-01-02,8.289,NA,NA,NA,NA
2015-01-03,8.252,NA,NA,NA,NA
2015-01-04,8.215,NA,NA,NA,NA
2015-01-05,8.178,NA,NA,NA,NA
2015-01-06,8.116,NA,NA,NA,NA
2015-01-07,8.092,NA,NA,NA,NA
2015-01-08,8.116,NA,NA,NA,NA
2015-01-09,8.141,NA,NA,NA,NA
2015-01-10,8.153,NA,NA,NA,NA
2015-01-11,8.166,NA,NA,NA,NA
2015-01-12,8.178,NA,NA,NA,NA
2015-01-13,8.19,NA,NA,NA,NA
2015-01-14,8.203,NA,NA,NA,NA
2015-01-15,8.227,NA,NA,NA,NA
2015-01-16,8.277,NA,NA,NA,NA
2015-01-17,8.338,NA,NA,NA,NA
2015-01-18,8.4,NA,NA,NA,NA
2015-01-19,8.449,NA,NA,NA,NA
2015-01-20,8.499,NA,NA,NA,NA
2015-01-21,8.548,NA,NA,NA,NA
2015-01-22,8.597,NA,NA,NA,NA
2015-01-23,8.634,NA,NA,NA,NA
2015-01-24,8.647,NA,NA,NA,NA
2015-01-25,8.659,NA,NA,NA,NA
2015-01-26,8.659,NA,NA,NA,NA
2015-01-27,8.696,NA,NA,NA,NA
2015-01-28,8.745,NA,NA,NA,NA
2015-01-29,8.795,NA,NA,NA,NA
2015-01-30,8.832,NA,NA,NA,NA
2015-01-31,8.881,NA,NA,NA,NA
2015-02-01,8.918,NA,NA,NA,NA
2015-02-02,8.967,NA,NA,NA,NA
2015-02-03,9.004,NA,NA,NA,NA
2015-02-04,9.041,NA,NA,NA,NA
2015-02-05,9.078,NA,NA,NA,NA
2015-02-06,9.115,NA,NA,NA,NA
2015-02-07,9.251,NA,NA,NA,NA
2015-02-08,9.596,NA,NA,NA,NA
2015-02-09,10.139,NA,NA,NA,NA
2015-02-10,10.645,NA,NA,NA,NA
2015-02-11,11.064,NA,NA,NA,NA
2015-02-12,11.471,NA,NA,NA,NA
2015-02-13,11.841,NA,NA,NA,NA
2015-02-14,12.224,NA,NA,NA,NA
2015-02-15,12.581,NA,NA,NA,NA
2015-02-16,12.952,NA,NA,NA,NA
2015-02-17,13.322,NA,NA,NA,NA
2015-02-18,13.568,NA,NA,NA,NA
2015-02-19,13.815,NA,NA,NA,NA
2015-02-20,14.062,NA,NA,NA,NA
2015-02-21,14.308,NA,NA,NA,NA
2015-02-22,14.432,NA,NA,NA,NA
2015-02-23,14.555,NA,NA,NA,NA
2015-02-24,14.555,NA,NA,NA,NA
2015-02-25,14.555,NA,NA,NA,NA
2015-02-26,14.555,NA,NA,NA,NA
2015-02-27,14.555,NA,NA,NA,NA
2015-02-28,14.678,NA,NA,NA,NA
2015-03-01,14.802,NA,NA,NA,NA
2015-03-02,14.925,NA,NA,NA,NA
2015-03-03,15.048,NA,NA,NA,NA
2015-03-04,15.172,NA,NA,NA,NA
2015-03-05,15.418,NA,NA,NA,NA
2015-03-06,15.542,NA,NA,NA,NA
2015-03-07,15.665,NA,NA,NA,NA
2015-03-08,15.789,NA,NA,NA,NA
2015-03-09,15.912,NA,NA,NA,NA
2015-03-10,16.159,NA,NA,NA,NA
2015-03-11,16.282,NA,NA,NA,NA
2015-03-12,16.405,NA,NA,NA,NA
2015-03-13,16.529,NA,NA,NA,NA
2015-03-14,16.652,NA,NA,NA,NA
2015-03-15,16.775,NA,NA,NA,NA
2015-03-16,16.899,NA,NA,NA,NA
2015-03-17,17.145,NA,NA,NA,NA
2015-03-18,17.269,NA,NA,NA,NA
2015-03-19,17.392,NA,NA,NA,NA
2015-03-20,17.515,NA,NA,NA,NA
2015-03-21,17.639,NA,NA,NA,NA
2015-03-22,17.885,NA,NA,NA,NA
2015-03-23,18.009,NA,NA,NA,NA
2015-03-24,18.132,NA,NA,NA,NA
2015-03-25,18.256,NA,NA,NA,NA
2015-03-26,18.379,NA,NA,NA,NA
2015-03-27,18.502,NA,NA,NA,NA
2015-03-28,18.626,NA,NA,NA,NA
2015-03-29,18.749,NA,NA,NA,NA
2015-03-30,18.996,NA,NA,NA,NA
2015-03-31,19.119,NA,NA,NA,NA
2015-04-01,19.242,NA,NA,NA,NA
2015-04-02,18.872,NA,NA,NA,NA
2015-04-03,18.379,NA,NA,NA,NA
2015-04-04,17.885,NA,NA,NA,NA
2015-04-05,17.269,NA,NA,NA,NA
2015-04-06,16.652,NA,NA,NA,NA
2015-04-07,15.912,NA,NA,NA,NA
2015-04-08,15.295,NA,NA,NA,NA
2015-04-09,14.678,NA,NA,NA,NA
2015-04-10,13.938,NA,NA,NA,NA
2015-04-11,13.322,NA,NA,NA,NA
2015-04-12,12.705,NA,NA,NA,NA
2015-04-13,12.113,NA,NA,NA,NA
2015-04-14,11.471,NA,NA,NA,NA
2015-04-15,10.793,NA,NA,NA,NA
2015-04-16,10.102,NA,NA,NA,NA
2015-04-17,9.819,NA,NA,NA,NA
2015-04-18,9.781,NA,NA,NA,NA
2015-04-19,9.732,NA,NA,NA,NA
2015-04-20,9.67,NA,NA,NA,NA
2015-04-21,9.609,NA,NA,NA,NA
2015-04-22,9.572,NA,NA,NA,NA
2015-04-23,9.522,NA,NA,NA,NA
2015-04-24,9.461,NA,NA,NA,NA
2015-04-25,9.411,NA,NA,NA,NA
2015-04-26,9.374,NA,NA,NA,NA
2015-04-27,9.3,NA,NA,NA,NA
2015-04-28,9.226,NA,NA,NA,NA
2015-04-29,9.152,NA,NA,NA,NA
2015-04-30,9.091,NA,NA,NA,NA
2015-05-01,8.98,NA,NA,NA,NA
2015-05-02,8.807,NA,NA,NA,NA
2015-05-03,8.622,NA,NA,NA,NA
2015-05-04,8.437,NA,NA,NA,NA
2015-05-05,8.252,NA,NA,NA,NA
2015-05-06,8.067,NA,NA,NA,NA
2015-05-07,7.882,NA,NA,NA,NA
2015-05-08,7.771,NA,NA,NA,NA
2015-05-09,7.685,NA,NA,NA,NA
2015-05-10,7.611,NA,NA,NA,NA
2015-05-11,7.561,NA,NA,NA,NA
2015-05-12,7.512,NA,NA,NA,NA
2015-05-13,7.487,NA,NA,NA,NA
2015-05-14,7.487,NA,NA,NA,NA
2015-05-15,7.5,NA,NA,NA,NA
2015-05-16,7.5,NA,NA,NA,NA
2015-05-17,7.5,NA,NA,NA,NA
2015-05-18,7.5,NA,NA,NA,NA
2015-05-19,7.475,NA,NA,NA,NA
2015-05-20,7.45,NA,NA,NA,NA
2015-05-21,7.413,NA,NA,NA,NA
2015-05-22,7.401,NA,NA,NA,NA
2015-05-23,7.401,NA,NA,NA,NA
2015-05-24,7.401,NA,NA,NA,NA
2015-05-25,7.413,NA,NA,NA,NA
2015-05-26,7.401,NA,NA,NA,NA
2015-05-27,7.315,NA,NA,NA,NA
2015-05-28,7.13,NA,NA,NA,NA
2015-05-29,6.895,NA,NA,NA,NA
2015-05-30,6.661,NA,NA,NA,NA
2015-05-31,6.451,NA,NA,NA,NA
2015-06-01,6.352,NA,NA,NA,NA
2015-06-02,6.34,NA,NA,NA,NA
2015-06-03,6.439,NA,NA,NA,NA
2015-06-04,6.537,NA,NA,NA,NA
2015-06-05,6.611,NA,NA,NA,NA
2015-06-06,6.673,NA,NA,NA,NA
2015-06-07,6.784,NA,NA,NA,NA
2015-06-08,6.883,NA,NA,NA,NA
2015-06-09,6.981,NA,NA,NA,NA
2015-06-10,7.13,NA,NA,NA,NA
2015-06-11,7.265,NA,NA,NA,NA
2015-06-12,7.364,NA,NA,NA,NA
2015-06-13,7.438,NA,NA,NA,NA
2015-06-14,7.487,NA,NA,NA,NA
2015-06-15,7.549,NA,NA,NA,NA
2015-06-16,7.586,NA,NA,NA,NA
2015-06-17,7.648,NA,NA,NA,NA
2015-06-18,7.66,NA,NA,NA,NA
2015-06-19,7.635,NA,NA,NA,NA
2015-06-20,7.537,NA,NA,NA,NA
2015-06-21,7.438,NA,NA,NA,NA
2015-06-22,7.327,NA,NA,NA,NA
2015-06-23,7.228,NA,NA,NA,NA
2015-06-24,7.167,NA,NA,NA,NA
2015-06-25,7.117,NA,NA,NA,NA
2015-06-26,7.056,NA,NA,NA,NA
2015-06-27,7.006,NA,NA,NA,NA
2015-06-28,6.944,NA,NA,NA,NA
2015-06-29,6.895,NA,NA,NA,NA
2015-06-30,6.833,NA,NA,NA,NA
2015-07-01,6.772,NA,NA,NA,NA
2015-07-02,6.722,NA,NA,NA,NA
2015-07-03,6.661,NA,NA,NA,NA
2015-07-04,6.624,NA,NA,NA,NA
2015-07-05,6.587,NA,NA,NA,NA
2015-07-06,6.525,NA,NA,NA,NA
2015-07-07,6.463,NA,NA,NA,NA
2015-07-08,6.402,NA,NA,NA,NA
2015-07-09,6.476,NA,NA,NA,NA
2015-07-10,6.451,NA,NA,NA,NA
2015-07-11,6.439,NA,NA,NA,NA
2015-07-12,6.414,NA,NA,NA,NA
2015-07-13,6.389,NA,NA,NA,NA
2015-07-14,6.377,NA,NA,NA,NA
2015-07-15,6.352,NA,NA,NA,NA
2015-07-16,6.328,NA,NA,NA,NA
2015-07-17,6.352,NA,NA,NA,NA
2015-07-18,6.402,NA,NA,NA,NA
2015-07-19,6.488,NA,NA,NA,NA
2015-07-20,6.574,NA,NA,NA,NA
2015-07-21,6.661,NA,NA,NA,NA
2015-07-22,6.759,NA,NA,NA,NA
2015-07-23,6.846,NA,NA,NA,NA
2015-07-24,6.932,NA,NA,NA,NA
2015-07-25,7.006,NA,NA,NA,NA
2015-07-26,7.093,NA,NA,NA,NA
2015-07-27,7.154,NA,NA,NA,NA
2015-07-28,7.216,NA,NA,NA,NA
2015-07-29,7.167,NA,NA,NA,NA
2015-07-30,7.093,NA,NA,NA,NA
2015-07-31,6.969,NA,NA,NA,NA
2015-08-01,6.895,NA,NA,NA,NA
2015-08-02,6.957,NA,NA,NA,NA
2015-08-03,7.08,NA,NA,NA,NA
2015-08-04,7.204,NA,NA,NA,NA
2015-08-05,7.327,NA,NA,NA,NA
2015-08-06,7.45,NA,NA,NA,NA
2015-08-07,7.586,NA,NA,NA,NA
2015-08-08,7.697,NA,NA,NA,NA
2015-08-09,7.845,NA,NA,NA,NA
2015-08-10,7.968,NA,NA,NA,NA
2015-08-11,8.141,NA,NA,NA,NA
2015-08-12,8.289,NA,NA,NA,NA
2015-08-13,8.351,NA,NA,NA,NA
2015-08-14,8.338,NA,NA,NA,NA
2015-08-15,8.301,NA,NA,NA,NA
2015-08-16,8.215,NA,NA,NA,NA
2015-08-17,8.141,NA,NA,NA,NA
2015-08-18,8.055,NA,NA,NA,NA
2015-08-19,7.907,NA,NA,NA,NA
2015-08-20,7.709,NA,NA,NA,NA
2015-08-21,7.524,NA,NA,NA,NA
2015-08-22,7.327,NA,NA,NA,NA
2015-08-23,7.142,NA,NA,NA,NA
2015-08-24,6.957,NA,NA,NA,NA
2015-08-25,6.784,NA,NA,NA,NA
2015-08-26,6.599,NA,NA,NA,NA
2015-08-27,6.414,NA,NA,NA,NA
2015-08-28,6.241,NA,NA,NA,NA
2015-08-29,6.069,NA,NA,NA,NA
2015-08-30,5.884,NA,NA,NA,NA
2015-08-31,5.711,NA,NA,NA,NA
2015-09-01,5.551,NA,NA,NA,NA
2015-09-02,5.39,NA,NA,NA,NA
2015-09-03,5.242,NA,NA,NA,NA
2015-09-04,5.119,NA,NA,NA,NA
2015-09-05,4.996,NA,NA,NA,NA
2015-09-06,4.885,NA,NA,NA,NA
2015-09-07,4.774,NA,NA,NA,NA
2015-09-08,4.663,NA,NA,NA,NA
2015-09-09,4.527,NA,NA,NA,NA
2015-09-10,4.367,NA,NA,NA,NA
2015-09-11,4.256,NA,NA,NA,NA
2015-09-12,4.293,NA,NA,NA,NA
2015-09-13,4.441,NA,NA,NA,NA
2015-09-14,4.687,NA,NA,NA,NA
2015-09-15,4.959,NA,NA,NA,NA
2015-09-16,5.242,NA,NA,NA,NA
2015-09-17,5.551,NA,NA,NA,NA
2015-09-18,5.797,NA,NA,NA,NA
2015-09-19,5.958,NA,NA,NA,NA
2015-09-20,6.081,NA,NA,NA,NA
2015-09-21,6.192,NA,NA,NA,NA
2015-09-22,6.303,NA,NA,NA,NA
2015-09-23,6.426,NA,NA,NA,NA
2015-09-24,6.55,NA,NA,NA,NA
2015-09-25,6.648,NA,NA,NA,NA
2015-09-26,6.747,NA,NA,NA,NA
2015-09-27,6.846,NA,NA,NA,NA
2015-09-28,6.907,NA,NA,NA,NA
2015-09-29,6.969,NA,NA,NA,NA
2015-09-30,6.969,NA,NA,NA,NA
2015-10-01,6.957,NA,NA,NA,NA
2015-10-02,6.969,NA,NA,NA,NA
2015-10-03,6.957,NA,NA,NA,NA
2015-10-04,6.944,NA,NA,NA,NA
2015-10-05,6.932,NA,NA,NA,NA
2015-10-06,6.92,NA,NA,NA,NA
2015-10-07,6.907,NA,NA,NA,NA
2015-10-08,6.895,NA,NA,NA,NA
2015-10-09,6.846,NA,NA,NA,NA
2015-10-10,6.784,NA,NA,NA,NA
2015-10-11,6.735,NA,NA,NA,NA
2015-10-12,6.673,NA,NA,NA,NA
2015-10-13,6.624,NA,NA,NA,NA
2015-10-14,6.599,NA,NA,NA,NA
2015-10-15,6.587,NA,NA,NA,NA
2015-10-16,6.574,NA,NA,NA,NA
2015-10-17,6.562,NA,NA,NA,NA
2015-10-18,6.574,NA,NA,NA,NA
2015-10-19,6.574,NA,NA,NA,NA
2015-10-20,6.562,NA,NA,NA,NA
2015-10-21,6.55,NA,NA,NA,NA
2015-10-22,6.537,NA,NA,NA,NA
2015-10-23,6.525,NA,NA,NA,NA
2015-10-24,6.525,NA,NA,NA,NA
2015-10-25,6.55,NA,NA,NA,NA
2015-10-26,6.574,NA,NA,NA,NA
2015-10-27,6.599,NA,NA,NA,NA
2015-10-28,6.624,NA,NA,NA,NA
2015-10-29,6.648,NA,NA,NA,NA
2015-10-30,6.673,NA,NA,NA,NA
2015-10-31,6.71,NA,NA,NA,NA
2015-11-01,6.735,NA,NA,NA,NA
2015-11-02,6.772,NA,NA,NA,NA
2015-11-03,6.809,NA,NA,NA,NA
2015-11-04,6.784,NA,NA,NA,NA
2015-11-05,6.759,NA,NA,NA,NA
2015-11-06,6.759,NA,NA,NA,NA
2015-11-07,6.759,NA,NA,NA,NA
2015-11-08,6.772,NA,NA,NA,NA
2015-11-09,6.772,NA,NA,NA,NA
2015-11-10,6.784,NA,NA,NA,NA
2015-11-11,6.796,NA,NA,NA,NA
2015-11-12,6.796,NA,NA,NA,NA
2015-11-13,6.809,NA,NA,NA,NA
2015-11-14,6.809,NA,NA,NA,NA
2015-11-15,6.821,NA,NA,NA,NA
2015-11-16,6.833,NA,NA,NA,NA
2015-11-17,6.833,NA,NA,NA,NA
2015-11-18,6.833,NA,NA,NA,NA
2015-11-19,6.846,NA,NA,NA,NA
2015-11-20,6.858,NA,NA,NA,NA
2015-11-21,6.87,NA,NA,NA,NA
2015-11-22,6.87,NA,NA,NA,NA
2015-11-23,6.883,NA,NA,NA,NA
2015-11-24,6.883,NA,NA,NA,NA
2015-11-25,6.92,NA,NA,NA,NA
2015-11-26,6.932,NA,NA,NA,NA
2015-11-27,6.932,NA,NA,NA,NA
2015-11-28,6.944,NA,NA,NA,NA
2015-11-29,6.944,NA,NA,NA,NA
2015-11-30,6.957,NA,NA,NA,NA
2015-12-01,6.969,NA,NA,NA,NA
2015-12-02,7.019,NA,NA,NA,NA
2015-12-03,7.117,NA,NA,NA,NA
2015-12-04,7.228,NA,NA,NA,NA
2015-12-05,7.339,NA,NA,NA,NA
2015-12-06,7.438,NA,NA,NA,NA
2015-12-07,7.549,NA,NA,NA,NA
2015-12-08,7.66,NA,NA,NA,NA
2015-12-09,7.771,NA,NA,NA,NA
2015-12-10,7.87,NA,NA,NA,NA
2015-12-11,8.055,NA,NA,NA,NA
2015-12-12,8.166,NA,NA,NA,NA
2015-12-13,8.277,NA,NA,NA,NA
2015-12-14,8.462,NA,NA,NA,NA
2015-12-15,8.548,NA,NA,NA,NA
2015-12-16,8.634,NA,NA,NA,NA
2015-12-17,8.745,NA,NA,NA,NA
2015-12-18,8.844,NA,NA,NA,NA
2015-12-19,8.943,NA,NA,NA,NA
2015-12-20,9.029,NA,NA,NA,NA
2015-12-21,9.115,NA,NA,NA,NA
2015-12-22,9.35,NA,NA,NA,NA
2015-12-23,9.621,NA,NA,NA,NA
2015-12-24,9.781,NA,NA,NA,NA
2015-12-25,9.954,NA,NA,NA,NA
2015-12-26,10.053,NA,NA,NA,NA
2015-12-27,10.115,NA,NA,NA,NA
2015-12-28,10.176,NA,NA,NA,NA
2015-12-29,10.275,NA,NA,NA,NA
2015-12-30,10.361,NA,NA,NA,NA
2015-12-31,10.472,NA,NA,NA,NA
2016-01-01,10.596,NA,NA,NA,NA
2016-01-02,10.719,NA,NA,NA,NA
2016-01-03,10.842,NA,NA,NA,NA
2016-01-04,10.978,NA,NA,NA,NA
2016-01-05,11.114,NA,NA,NA,NA
2016-01-06,11.262,NA,NA,NA,NA
2016-01-07,11.385,NA,NA,NA,NA
2016-01-08,11.471,NA,NA,NA,NA
2016-01-09,11.558,NA,NA,NA,NA
2016-01-10,11.644,NA,NA,NA,NA
2016-01-11,11.73,NA,NA,NA,NA
2016-01-12,11.792,NA,NA,NA,NA
2016-01-13,11.854,NA,NA,NA,NA
2016-01-14,11.952,NA,NA,NA,NA
2016-01-15,12.026,NA,NA,NA,NA
2016-01-16,12.125,NA,NA,NA,NA
2016-01-17,12.261,NA,NA,NA,NA
2016-01-18,12.335,NA,NA,NA,NA
2016-01-19,12.581,NA,NA,NA,NA
2016-01-20,12.705,NA,NA,NA,NA
2016-01-21,12.705,NA,NA,NA,NA
2016-01-22,12.828,NA,NA,NA,NA
2016-01-23,12.828,NA,NA,NA,NA
2016-01-24,12.952,NA,NA,NA,NA
2016-01-25,13.075,NA,NA,NA,NA
2016-01-26,13.198,NA,NA,NA,NA
2016-01-27,13.322,NA,NA,NA,NA
2016-01-28,13.322,NA,NA,NA,NA
2016-01-29,13.445,NA,NA,NA,NA
2016-01-30,13.815,NA,NA,NA,NA
2016-01-31,14.432,NA,NA,NA,NA
2016-02-01,14.678,NA,NA,NA,NA
2016-02-02,14.925,NA,NA,NA,NA
2016-02-03,15.048,NA,NA,NA,NA
2016-02-04,15.172,NA,NA,NA,NA
2016-02-05,15.418,NA,NA,NA,NA
2016-02-06,15.542,NA,NA,NA,NA
2016-02-07,15.665,NA,NA,NA,NA
2016-02-08,15.789,NA,NA,NA,NA
2016-02-09,16.035,NA,NA,NA,NA
2016-02-10,16.159,NA,NA,NA,NA
2016-02-11,16.282,NA,NA,NA,NA
2016-02-12,16.405,NA,NA,NA,NA
2016-02-13,16.529,NA,NA,NA,NA
2016-02-14,16.652,NA,NA,NA,NA
2016-02-15,16.775,NA,NA,NA,NA
2016-02-16,16.899,NA,NA,NA,NA
2016-02-17,17.145,NA,NA,NA,NA
2016-02-18,17.392,NA,NA,NA,NA
2016-02-19,17.639,NA,NA,NA,NA
2016-02-20,17.885,NA,NA,NA,NA
2016-02-21,18.009,NA,NA,NA,NA
2016-02-22,18.132,NA,NA,NA,NA
2016-02-23,18.379,NA,NA,NA,NA
2016-02-24,18.502,NA,NA,NA,NA
2016-02-25,18.626,NA,NA,NA,NA
2016-02-26,18.872,NA,NA,NA,NA
2016-02-27,18.996,NA,NA,NA,NA
2016-02-28,19.242,NA,NA,NA,NA
2016-02-29,19.489,NA,NA,NA,NA
2016-03-01,19.612,NA,NA,NA,NA
2016-03-02,19.859,NA,NA,NA,NA
2016-03-03,20.106,NA,NA,NA,NA
2016-03-04,20.229,NA,NA,NA,NA
2016-03-05,20.599,NA,NA,NA,NA
2016-03-06,21.093,NA,NA,NA,NA
2016-03-07,21.709,NA,NA,NA,NA
2016-03-08,22.079,NA,NA,NA,NA
2016-03-09,22.326,NA,NA,NA,NA
2016-03-10,22.573,NA,NA,NA,NA
2016-03-11,22.819,NA,NA,NA,NA
2016-03-12,23.189,NA,NA,NA,NA
2016-03-13,23.436,NA,NA,NA,NA
2016-03-14,23.93,NA,NA,NA,NA
2016-03-15,24.3,NA,NA,NA,NA
2016-03-16,24.67,NA,NA,NA,NA
2016-03-17,24.916,NA,NA,NA,NA
2016-03-18,25.163,NA,NA,NA,NA
2016-03-19,25.41,NA,NA,NA,NA
2016-03-20,25.656,NA,NA,NA,NA
2016-03-21,25.903,NA,NA,NA,NA
2016-03-22,26.15,NA,NA,NA,NA
2016-03-23,26.396,NA,NA,NA,NA
2016-03-24,26.643,NA,NA,NA,NA
2016-03-25,26.767,NA,NA,NA,NA
2016-03-26,27.013,NA,NA,NA,NA
2016-03-27,27.137,NA,NA,NA,NA
2016-03-28,27.26,NA,NA,NA,NA
2016-03-29,27.507,NA,NA,NA,NA
2016-03-30,27.753,NA,NA,NA,NA
2016-03-31,27.877,NA,NA,NA,NA
2016-04-01,28,NA,NA,NA,NA
2016-04-02,28.123,NA,NA,NA,NA
2016-04-03,28.247,NA,NA,NA,NA
2016-04-04,28.493,NA,NA,NA,NA
2016-04-05,28.617,NA,NA,NA,NA
2016-04-06,28.74,NA,NA,NA,NA
2016-04-07,28.863,NA,NA,NA,NA
2016-04-08,28.987,NA,NA,NA,NA
2016-04-09,28.987,NA,NA,NA,NA
2016-04-10,29.233,NA,NA,NA,NA
2016-04-11,29.48,NA,NA,NA,NA
2016-04-12,29.604,NA,NA,NA,NA
2016-04-13,29.727,NA,NA,NA,NA
2016-04-14,29.85,NA,NA,NA,NA
2016-04-15,30.097,NA,NA,NA,NA
2016-04-16,30.097,NA,NA,NA,NA
2016-04-17,30.22,NA,NA,NA,NA
2016-04-18,30.344,NA,NA,NA,NA
2016-04-19,30.467,NA,NA,NA,NA
2016-04-20,30.59,NA,NA,NA,NA
2016-04-21,30.59,NA,NA,NA,NA
2016-04-22,30.714,NA,NA,NA,NA
2016-04-23,30.96,NA,NA,NA,NA
2016-04-24,31.084,NA,NA,NA,NA
2016-04-25,31.207,NA,NA,NA,NA
2016-04-26,31.33,NA,NA,NA,NA
2016-04-27,31.454,NA,NA,NA,NA
2016-04-28,31.577,NA,NA,NA,NA
2016-04-29,31.577,NA,NA,NA,NA
2016-04-30,31.7,NA,NA,NA,NA
2016-05-01,31.824,NA,NA,NA,NA
2016-05-02,31.824,NA,NA,NA,NA
2016-05-03,31.947,NA,NA,NA,NA
2016-05-04,32.07,NA,NA,NA,NA
2016-05-05,32.07,NA,NA,NA,NA
2016-05-06,32.317,NA,NA,NA,NA
2016-05-07,32.441,NA,NA,NA,NA
2016-05-08,32.564,NA,NA,NA,NA
2016-05-09,32.687,NA,NA,NA,NA
2016-05-10,32.811,NA,NA,NA,NA
2016-05-11,32.934,NA,NA,NA,NA
2016-05-12,33.057,NA,NA,NA,NA
2016-05-13,33.057,NA,NA,NA,NA
2016-05-14,32.934,NA,NA,NA,NA
2016-05-15,32.934,NA,NA,NA,NA
2016-05-16,32.811,NA,NA,NA,NA
2016-05-17,32.811,NA,NA,NA,NA
2016-05-18,32.811,NA,NA,NA,NA
2016-05-19,32.687,NA,NA,NA,NA
2016-05-20,32.687,NA,NA,NA,NA
2016-05-21,32.687,NA,NA,NA,NA
2016-05-22,32.441,NA,NA,NA,NA
2016-05-23,32.194,NA,NA,NA,NA
2016-05-24,32.07,NA,NA,NA,NA
2016-05-25,32.194,NA,NA,NA,NA
2016-05-26,32.317,NA,NA,NA,NA
2016-05-27,32.441,NA,NA,NA,NA
2016-05-28,32.564,NA,NA,NA,NA
2016-05-29,32.811,NA,NA,NA,NA
2016-05-30,32.811,NA,NA,NA,NA
2016-05-31,33.057,NA,NA,NA,NA
2016-06-01,33.304,NA,NA,NA,NA
2016-06-02,33.674,NA,NA,NA,NA
2016-06-03,34.167,NA,NA,NA,NA
2016-06-04,34.537,NA,NA,NA,NA
2016-06-05,34.907,NA,NA,NA,NA
2016-06-06,35.154,NA,NA,NA,NA
2016-06-07,35.524,NA,NA,NA,NA
2016-06-08,35.771,NA,NA,NA,NA
2016-06-09,36.018,NA,NA,NA,NA
2016-06-10,36.264,NA,NA,NA,NA
2016-06-11,36.511,NA,NA,NA,NA
2016-06-12,36.634,NA,NA,NA,NA
2016-06-13,36.881,NA,NA,NA,NA
2016-06-14,37.004,NA,NA,NA,NA
2016-06-15,37.004,NA,NA,NA,NA
2016-06-16,37.004,NA,NA,NA,NA
2016-06-17,37.004,NA,NA,NA,NA
2016-06-18,37.128,NA,NA,NA,NA
2016-06-19,37.128,NA,NA,NA,NA
2016-06-20,37.251,NA,NA,NA,NA
2016-06-21,37.251,NA,NA,NA,NA
2016-06-22,37.251,NA,NA,NA,NA
2016-06-23,37.251,NA,NA,NA,NA
2016-06-24,37.251,NA,NA,NA,NA
2016-06-25,37.128,NA,NA,NA,NA
2016-06-26,37.128,NA,NA,NA,NA
2016-06-27,37.128,NA,NA,NA,NA
2016-06-28,37.128,NA,NA,NA,NA
2016-06-29,37.128,NA,NA,NA,NA
2016-06-30,37.128,NA,NA,NA,NA
2016-07-01,37.251,NA,NA,NA,NA
2016-07-02,37.251,NA,NA,NA,NA
2016-07-03,37.128,NA,NA,NA,NA
2016-07-04,37.128,NA,NA,NA,NA
2016-07-05,37.004,NA,NA,NA,NA
2016-07-06,37.004,NA,NA,NA,NA
2016-07-07,37.004,NA,NA,NA,NA
2016-07-08,36.881,NA,NA,NA,NA
2016-07-09,36.881,NA,NA,NA,NA
2016-07-10,36.881,NA,NA,NA,NA
2016-07-11,36.758,NA,NA,NA,NA
2016-07-12,36.758,NA,NA,NA,NA
2016-07-13,36.634,NA,NA,NA,NA
2016-07-14,36.634,NA,NA,NA,NA
2016-07-15,36.634,NA,NA,NA,NA
2016-07-16,36.758,NA,NA,NA,NA
2016-07-17,36.758,NA,NA,NA,NA
2016-07-18,36.758,NA,NA,NA,NA
2016-07-19,36.758,NA,NA,NA,NA
2016-07-20,36.881,NA,NA,NA,NA
2016-07-21,37.128,NA,NA,NA,NA
2016-07-22,37.251,NA,NA,NA,NA
2016-07-23,37.498,NA,NA,NA,NA
2016-07-24,37.621,NA,NA,NA,NA
2016-07-25,37.744,NA,NA,NA,NA
2016-07-26,37.868,NA,NA,NA,NA
2016-07-27,37.868,NA,NA,NA,NA
2016-07-28,37.744,NA,NA,NA,NA
2016-07-29,37.621,NA,NA,NA,NA
2016-07-30,37.374,NA,NA,NA,NA
2016-07-31,37.128,NA,NA,NA,NA
2016-08-01,36.758,NA,NA,NA,NA
2016-08-02,36.388,NA,NA,NA,NA
2016-08-03,35.894,NA,NA,NA,NA
2016-08-04,35.524,NA,NA,NA,NA
2016-08-05,35.031,NA,NA,NA,NA
2016-08-06,34.537,NA,NA,NA,NA
2016-08-07,34.044,NA,NA,NA,NA
2016-08-08,33.427,NA,NA,NA,NA
2016-08-09,32.934,NA,NA,NA,NA
2016-08-10,32.317,NA,NA,NA,NA
2016-08-11,31.7,NA,NA,NA,NA
2016-08-12,31.207,NA,NA,NA,NA
2016-08-13,30.59,NA,NA,NA,NA
2016-08-14,29.974,NA,NA,NA,NA
2016-08-15,29.357,NA,NA,NA,NA
2016-08-16,28.617,NA,NA,NA,NA
2016-08-17,28,NA,NA,NA,NA
2016-08-18,27.383,NA,NA,NA,NA
2016-08-19,26.767,NA,NA,NA,NA
2016-08-20,26.15,NA,NA,NA,NA
2016-08-21,25.533,NA,NA,NA,NA
2016-08-22,24.793,NA,NA,NA,NA
2016-08-23,24.176,NA,NA,NA,NA
2016-08-24,23.559,NA,NA,NA,NA
2016-08-25,22.943,NA,NA,NA,NA
2016-08-26,22.326,NA,NA,NA,NA
2016-08-27,21.586,NA,NA,NA,NA
2016-08-28,20.969,NA,NA,NA,NA
2016-08-29,20.229,NA,NA,NA,NA
2016-08-30,19.612,NA,NA,NA,NA
2016-08-31,18.872,NA,NA,NA,NA
2016-09-01,18.256,NA,NA,NA,NA
2016-09-02,17.639,NA,NA,NA,NA
2016-09-03,16.899,NA,NA,NA,NA
2016-09-04,16.282,NA,NA,NA,NA
2016-09-05,15.665,NA,NA,NA,NA
2016-09-06,15.048,NA,NA,NA,NA
2016-09-07,14.432,NA,NA,NA,NA
2016-09-08,13.815,NA,NA,NA,NA
2016-09-09,13.568,NA,NA,NA,NA
2016-09-10,13.568,NA,NA,NA,NA
2016-09-11,13.568,NA,NA,NA,NA
2016-09-12,13.568,NA,NA,NA,NA
2016-09-13,13.568,NA,NA,NA,NA
2016-09-14,13.568,NA,NA,NA,NA
2016-09-15,13.568,NA,NA,NA,NA
2016-09-16,13.568,NA,NA,NA,NA
2016-09-17,13.445,NA,NA,NA,NA
2016-09-18,13.445,NA,NA,NA,NA
2016-09-19,13.445,NA,NA,NA,NA
2016-09-20,13.445,NA,NA,NA,NA
2016-09-21,13.445,NA,NA,NA,NA
2016-09-22,13.322,NA,NA,NA,NA
2016-09-23,13.198,NA,NA,NA,NA
2016-09-24,13.198,NA,NA,NA,NA
2016-09-25,13.075,NA,NA,NA,NA
2016-09-26,13.075,NA,NA,NA,NA
2016-09-27,12.952,NA,NA,NA,NA
2016-09-28,12.952,NA,NA,NA,NA
2016-09-29,12.828,NA,NA,NA,NA
2016-09-30,12.828,NA,NA,NA,NA
2016-10-01,12.705,NA,NA,NA,NA
2016-10-02,12.705,NA,NA,NA,NA
2016-10-03,12.705,NA,NA,NA,NA
2016-10-04,12.705,NA,NA,NA,NA
2016-10-05,12.705,NA,NA,NA,NA
2016-10-06,12.705,NA,NA,NA,NA
2016-10-07,12.705,NA,NA,NA,NA
2016-10-08,12.705,NA,NA,NA,NA
2016-10-09,12.705,NA,NA,NA,NA
2016-10-10,12.705,NA,NA,NA,NA
2016-10-11,12.705,NA,NA,NA,NA
2016-10-12,12.705,NA,NA,NA,NA
2016-10-13,12.828,NA,NA,NA,NA
2016-10-14,12.828,NA,NA,NA,NA
2016-10-15,12.828,NA,NA,NA,NA
2016-10-16,12.952,NA,NA,NA,NA
2016-10-17,13.075,NA,NA,NA,NA
2016-10-18,13.198,NA,NA,NA,NA
2016-10-19,13.322,NA,NA,NA,NA
2016-10-20,13.322,NA,NA,NA,NA
2016-10-21,13.322,NA,NA,NA,NA
2016-10-22,13.322,NA,NA,NA,NA
2016-10-23,13.322,NA,NA,NA,NA
2016-10-24,13.322,NA,NA,NA,NA
2016-10-25,13.445,NA,NA,NA,NA
2016-10-26,13.445,NA,NA,NA,NA
2016-10-27,13.568,NA,NA,NA,NA
2016-10-28,13.568,NA,NA,NA,NA
2016-10-29,13.692,NA,NA,NA,NA
2016-10-30,13.815,NA,NA,NA,NA
2016-10-31,13.938,NA,NA,NA,NA
2016-11-01,14.062,NA,NA,NA,NA
2016-11-02,14.185,NA,NA,NA,NA
2016-11-03,14.185,NA,NA,NA,NA
2016-11-04,14.185,NA,NA,NA,NA
2016-11-05,14.062,NA,NA,NA,NA
2016-11-06,14.062,NA,NA,NA,NA
2016-11-07,14.185,NA,NA,NA,NA
2016-11-08,14.185,NA,NA,NA,NA
2016-11-09,14.308,NA,NA,NA,NA
2016-11-10,14.432,NA,NA,NA,NA
2016-11-11,14.432,NA,NA,NA,NA
2016-11-12,14.555,NA,NA,NA,NA
2016-11-13,14.555,NA,NA,NA,NA
2016-11-14,14.555,NA,NA,NA,NA
2016-11-15,14.555,NA,NA,NA,NA
2016-11-16,14.678,NA,NA,NA,NA
2016-11-17,14.678,NA,NA,NA,NA
2016-11-18,14.802,NA,NA,NA,NA
2016-11-19,14.802,NA,NA,NA,NA
2016-11-20,14.925,NA,NA,NA,NA
2016-11-21,15.048,NA,NA,NA,NA
2016-11-22,15.048,NA,NA,NA,NA
2016-11-23,15.172,NA,NA,NA,NA
2016-11-24,15.172,NA,NA,NA,NA
2016-11-25,15.172,NA,NA,NA,NA
2016-11-26,15.172,NA,NA,NA,NA
2016-11-27,15.295,NA,NA,NA,NA
2016-11-28,15.295,NA,NA,NA,NA
2016-11-29,15.295,NA,NA,NA,NA
2016-11-30,15.295,NA,NA,NA,NA
2016-12-01,15.295,NA,NA,NA,NA
2016-12-02,15.172,NA,NA,NA,NA
2016-12-03,15.048,NA,NA,NA,NA
2016-12-04,14.925,NA,NA,NA,NA
2016-12-05,14.925,NA,NA,NA,NA
2016-12-06,14.802,NA,NA,NA,NA
2016-12-07,14.802,NA,NA,NA,NA
2016-12-08,14.678,NA,NA,NA,NA
2016-12-09,14.678,NA,NA,NA,NA
2016-12-10,14.678,NA,NA,NA,NA
2016-12-11,15.172,NA,NA,NA,NA
2016-12-12,15.295,NA,NA,NA,NA
2016-12-13,15.418,NA,NA,NA,NA
2016-12-14,15.542,NA,NA,NA,NA
2016-12-15,15.665,NA,NA,NA,NA
2016-12-16,16.159,NA,NA,NA,NA
2016-12-17,16.652,NA,NA,NA,NA
2016-12-18,16.775,NA,NA,NA,NA
2016-12-19,16.899,NA,NA,NA,NA
2016-12-20,17.022,NA,NA,NA,NA
2016-12-21,17.145,NA,NA,NA,NA
2016-12-22,17.269,NA,NA,NA,NA
2016-12-23,17.269,NA,NA,NA,NA
2016-12-24,17.515,NA,NA,NA,NA
2016-12-25,17.515,NA,NA,NA,NA
2016-12-26,17.639,NA,NA,NA,NA
2016-12-27,17.762,NA,NA,NA,NA
2016-12-28,17.885,NA,NA,NA,NA
2016-12-29,17.885,NA,NA,NA,NA
2016-12-30,18.009,NA,NA,NA,NA
2016-12-31,18.009,NA,NA,NA,NA
2017-01-01,18.009,NA,NA,NA,NA
2017-01-02,18.009,NA,NA,NA,NA
2017-01-03,18.009,NA,NA,NA,NA
2017-01-04,18.132,NA,NA,NA,NA
2017-01-05,18.379,NA,NA,NA,NA
2017-01-06,18.502,NA,NA,NA,NA
2017-01-07,18.626,NA,NA,NA,NA
2017-01-08,18.872,NA,NA,NA,NA
2017-01-09,20.352,NA,NA,NA,NA
2017-01-10,21.833,NA,NA,NA,NA
2017-01-11,22.449,NA,NA,NA,NA
2017-01-12,22.943,NA,NA,NA,NA
2017-01-13,23.313,NA,NA,NA,NA
2017-01-14,23.683,NA,NA,NA,NA
2017-01-15,24.053,NA,NA,NA,NA
2017-01-16,24.3,NA,NA,NA,NA
2017-01-17,24.546,NA,NA,NA,NA
2017-01-18,24.793,NA,NA,NA,NA
2017-01-19,25.04,NA,NA,NA,NA
2017-01-20,25.41,NA,NA,NA,NA
2017-01-21,25.656,NA,NA,NA,NA
2017-01-22,25.903,NA,NA,NA,NA
2017-01-23,26.15,NA,NA,NA,NA
2017-01-24,26.396,NA,NA,NA,NA
2017-01-25,26.52,NA,NA,NA,NA
2017-01-26,26.643,NA,NA,NA,NA
2017-01-27,26.89,NA,NA,NA,NA
2017-01-28,27.013,NA,NA,NA,NA
2017-01-29,27.137,NA,NA,NA,NA
2017-01-30,27.26,NA,NA,NA,NA
2017-01-31,27.507,NA,NA,NA,NA
2017-02-01,27.63,NA,NA,NA,NA
2017-02-02,27.753,NA,NA,NA,NA
2017-02-03,NA,NA,NA,NA,NA
2017-02-04,NA,NA,NA,NA,NA
2017-02-05,28.493,NA,NA,NA,NA
2017-02-06,28.74,NA,NA,NA,NA
2017-02-07,29.11,NA,NA,NA,NA
2017-02-08,30.344,NA,NA,NA,NA
2017-02-09,31.824,NA,NA,NA,NA
2017-02-10,34.537,NA,NA,NA,NA
2017-02-11,36.881,NA,NA,NA,NA
2017-02-12,37.991,NA,NA,NA,NA
2017-02-13,38.608,NA,NA,NA,NA
2017-02-14,39.101,NA,NA,NA,NA
2017-02-15,39.595,NA,NA,NA,NA
2017-02-16,39.718,NA,NA,NA,NA
2017-02-17,39.841,NA,NA,NA,NA
2017-02-18,39.595,NA,NA,NA,NA
2017-02-19,39.471,NA,NA,NA,NA
2017-02-20,39.348,NA,NA,NA,NA
2017-02-21,39.718,NA,NA,NA,NA
2017-02-22,39.841,NA,NA,NA,NA
2017-02-23,39.348,NA,NA,NA,NA
2017-02-24,39.348,NA,NA,NA,NA
2017-02-25,39.348,NA,NA,NA,NA
2017-02-26,39.348,NA,NA,NA,NA
2017-02-27,39.348,NA,NA,NA,NA
2017-02-28,39.348,NA,NA,NA,NA
2017-03-01,39.348,NA,NA,NA,NA
2017-03-02,39.471,NA,NA,NA,NA
2017-03-03,39.471,NA,NA,NA,NA
2017-03-04,39.471,NA,NA,NA,NA
2017-03-05,39.595,NA,NA,NA,NA
2017-03-06,39.595,NA,NA,NA,NA
2017-03-07,39.718,NA,NA,NA,NA
2017-03-08,39.718,NA,NA,NA,NA
2017-03-09,39.718,NA,NA,NA,NA
2017-03-10,39.718,NA,NA,NA,NA
2017-03-11,39.841,NA,NA,NA,NA
2017-03-12,NA,NA,NA,NA,NA
2017-03-13,NA,NA,NA,NA,NA
2017-03-14,39.965,NA,NA,NA,NA
2017-03-15,39.965,NA,NA,NA,NA
2017-03-16,40.088,NA,NA,NA,NA
2017-03-17,39.965,NA,NA,NA,NA
2017-03-18,39.965,NA,NA,NA,NA
2017-03-19,39.841,NA,NA,NA,NA
2017-03-20,39.841,NA,NA,NA,NA
2017-03-21,39.595,NA,NA,NA,NA
2017-03-22,40.705,NA,NA,NA,NA
2017-03-23,39.841,NA,NA,NA,NA
2017-03-24,38.855,NA,NA,NA,NA
2017-03-25,38.361,NA,NA,NA,NA
2017-03-26,38.115,NA,NA,NA,NA
2017-03-27,38.115,NA,NA,NA,NA
2017-03-28,38.238,NA,NA,NA,NA
2017-03-29,38.238,NA,NA,NA,NA
2017-03-30,38.238,NA,NA,NA,NA
2017-03-31,38.485,NA,NA,NA,NA
2017-04-01,38.485,NA,NA,NA,NA
2017-04-02,38.608,NA,NA,NA,NA
2017-04-03,38.608,NA,NA,NA,NA
2017-04-04,38.608,NA,NA,NA,NA
2017-04-05,38.731,NA,NA,NA,NA
2017-04-06,38.731,NA,NA,NA,NA
2017-04-07,38.731,NA,NA,NA,NA
2017-04-08,38.978,NA,NA,NA,NA
2017-04-09,38.608,NA,NA,NA,NA
2017-04-10,38.361,NA,NA,NA,NA
2017-04-11,38.115,NA,NA,NA,NA
2017-04-12,37.991,NA,NA,NA,NA
2017-04-13,38.115,NA,NA,NA,NA
2017-04-14,38.485,NA,NA,NA,NA
2017-04-15,38.485,NA,NA,NA,NA
2017-04-16,38.361,NA,NA,NA,NA
2017-04-17,38.361,NA,NA,NA,NA
2017-04-18,38.485,NA,NA,NA,NA
2017-04-19,38.485,NA,NA,NA,NA
2017-04-20,38.361,NA,NA,NA,NA
2017-04-21,38.238,NA,NA,NA,NA
2017-04-22,38.115,NA,NA,NA,NA
2017-04-23,38.115,NA,NA,NA,NA
2017-04-24,37.991,NA,NA,NA,NA
2017-04-25,37.991,NA,NA,NA,NA
2017-04-26,37.868,NA,NA,NA,NA
2017-04-27,37.868,NA,NA,NA,NA
2017-04-28,37.868,NA,NA,NA,NA
2017-04-29,37.744,NA,NA,NA,NA
2017-04-30,37.621,NA,NA,NA,NA
2017-05-01,37.374,NA,NA,NA,NA
2017-05-02,37.128,NA,NA,NA,NA
2017-05-03,37.128,NA,NA,NA,NA
2017-05-04,37.251,NA,NA,NA,NA
2017-05-05,37.251,NA,NA,NA,NA
2017-05-06,37.744,NA,NA,NA,NA
2017-05-07,39.225,NA,NA,NA,NA
2017-05-08,39.841,NA,NA,NA,NA
2017-05-09,39.841,NA,NA,NA,NA
2017-05-10,39.965,NA,NA,NA,NA
2017-05-11,39.965,NA,NA,NA,NA
2017-05-12,39.841,NA,NA,NA,NA
2017-05-13,39.965,NA,NA,NA,NA
2017-05-14,39.718,NA,NA,NA,NA
2017-05-15,39.348,NA,NA,NA,NA
2017-05-16,39.101,NA,NA,NA,NA
2017-05-17,39.101,NA,NA,NA,NA
2017-05-18,39.101,NA,NA,NA,NA
2017-05-19,39.225,NA,NA,NA,NA
2017-05-20,39.101,NA,NA,NA,NA
2017-05-21,38.855,NA,NA,NA,NA
2017-05-22,38.731,NA,NA,NA,NA
2017-05-23,38.608,NA,NA,NA,NA
2017-05-24,38.731,NA,NA,NA,NA
2017-05-25,39.348,NA,NA,NA,NA
2017-05-26,40.088,NA,NA,NA,NA
2017-05-27,40.581,NA,NA,NA,NA
2017-05-28,41.075,NA,NA,NA,NA
2017-05-29,41.692,NA,NA,NA,NA
2017-05-30,42.185,NA,NA,NA,NA
2017-05-31,42.678,NA,NA,NA,NA
2017-06-01,43.048,NA,NA,NA,NA
2017-06-02,43.172,NA,NA,NA,NA
2017-06-03,43.295,NA,NA,NA,NA
2017-06-04,43.542,NA,NA,NA,NA
2017-06-05,43.789,NA,NA,NA,NA
2017-06-06,44.035,NA,NA,NA,NA
2017-06-07,44.282,NA,NA,NA,NA
2017-06-08,44.529,NA,NA,NA,NA
2017-06-09,44.775,NA,NA,NA,NA
2017-06-10,45.022,NA,NA,NA,NA
2017-06-11,45.269,NA,NA,NA,NA
2017-06-12,45.515,NA,NA,NA,NA
2017-06-13,45.762,NA,NA,NA,NA
2017-06-14,45.885,NA,NA,NA,NA
2017-06-15,46.132,NA,NA,NA,NA
2017-06-16,46.379,NA,NA,NA,NA
2017-06-17,46.626,NA,NA,NA,NA
2017-06-18,46.872,NA,NA,NA,NA
2017-06-19,46.996,NA,NA,NA,NA
2017-06-20,46.996,NA,NA,NA,NA
2017-06-21,47.242,NA,NA,NA,NA
2017-06-22,47.489,NA,NA,NA,NA
2017-06-23,47.736,NA,NA,NA,NA
2017-06-24,48.106,NA,NA,NA,NA
2017-06-25,48.352,NA,NA,NA,NA
2017-06-26,48.476,NA,NA,NA,NA
2017-06-27,48.599,NA,NA,NA,NA
2017-06-28,48.846,NA,NA,NA,NA
2017-06-29,48.846,NA,NA,NA,NA
2017-06-30,48.846,NA,NA,NA,NA
2017-07-01,48.846,NA,NA,NA,NA
2017-07-02,48.969,NA,NA,NA,NA
2017-07-03,49.093,2.124,0.623,NA,NA
2017-07-04,49.216,2.379,0.566,NA,NA
2017-07-05,49.339,1.954,0.566,NA,NA
2017-07-06,49.463,NA,NA,NA,NA
2017-07-07,49.761,2.237,0.566,NA,NA
2017-07-08,49.929,3.823,1.897,NA,NA
2017-07-09,50.085,4.644,2.832,NA,NA
2017-07-10,50.205,4.927,3.54,NA,NA
2017-07-11,50.241,4.502,4.078,NA,NA
2017-07-12,50.266,4.814,4.531,NA,NA
2017-07-13,50.278,4.672,4.531,NA,NA
2017-07-14,50.314,4.587,4.191,NA,NA
2017-07-15,50.349,3.625,3.228,NA,NA
2017-07-16,50.374,2.718,2.435,NA,NA
2017-07-17,50.349,2.407,2.69,NA,NA
2017-07-18,50.337,2.549,2.69,NA,NA
2017-07-19,50.314,2.407,2.69,NA,NA
2017-07-20,50.289,2.407,2.69,NA,NA
2017-07-21,50.289,2.69,2.69,NA,NA
2017-07-22,50.266,2.662,2.945,NA,NA
2017-07-23,50.217,2.549,3.115,NA,NA
2017-07-24,50.169,2.549,3.115,NA,NA
2017-07-25,50.134,2.69,3.115,NA,NA
2017-07-26,50.121,2.973,3.115,NA,NA
2017-07-27,50.109,2.973,3.115,NA,NA
2017-07-28,50.109,3.115,3.115,NA,NA
2017-07-29,50.073,2.917,3.341,NA,NA
2017-07-30,50.025,2.973,3.54,NA,NA
2017-07-31,49.953,2.718,3.54,NA,NA
2017-08-01,49.916,3.115,3.54,NA,NA
2017-08-02,49.857,2.86,3.54,NA,NA
2017-08-03,49.821,3.115,3.54,NA,NA
2017-08-04,49.749,2.69,3.54,NA,NA
2017-08-05,49.738,2.69,2.832,NA,NA
2017-08-06,49.738,2.69,2.69,NA,NA
2017-08-07,49.725,2.549,2.69,NA,NA
2017-08-08,49.857,4.219,2.69,NA,NA
2017-08-09,49.845,2.549,2.69,NA,NA
2017-08-10,49.845,2.69,2.69,NA,NA
2017-08-11,49.821,2.605,2.888,NA,NA
2017-08-12,49.761,2.407,3.115,NA,NA
2017-08-13,49.713,2.549,3.115,NA,NA
2017-08-14,49.665,2.549,3.115,NA,NA
2017-08-15,49.582,2.407,3.37,NA,NA
2017-08-16,49.391,1.472,3.681,NA,NA
2017-08-17,49.331,2.973,3.681,NA,NA
2017-08-18,49.307,3.398,3.681,NA,NA
2017-08-19,49.284,3.398,3.681,NA,NA
2017-08-20,49.223,3.964,4.644,NA,NA
2017-08-21,49.022,3.37,5.692,NA,NA
2017-08-22,48.879,4.304,5.947,NA,NA
2017-08-23,48.867,5.805,5.947,NA,NA
2017-08-24,48.772,5.04,6.116,NA,NA
2017-08-25,48.737,5.125,5.522,NA,NA
2017-08-26,48.737,4.191,4.191,NA,NA
2017-08-27,48.725,3.823,3.964,NA,NA
2017-08-28,48.713,3.823,3.964,NA,NA
2017-08-29,48.701,3.851,3.964,NA,NA
2017-08-30,48.678,3.681,3.964,NA,NA
2017-08-31,48.666,3.823,3.964,NA,NA
2017-09-01,48.642,3.681,3.964,NA,NA
2017-09-02,48.63,3.823,3.964,NA,NA
2017-09-03,48.619,3.851,3.964,NA,NA
2017-09-04,48.607,3.823,3.964,NA,NA
2017-09-05,48.594,3.823,3.964,NA,NA
2017-09-06,48.418,3.681,5.72,NA,NA
2017-09-07,48.134,3.964,7.249,NA,NA
2017-09-08,47.947,4.078,6.23,NA,NA
2017-09-09,47.794,2.662,4.417,NA,NA
2017-09-10,47.664,2.124,3.625,NA,NA
2017-09-11,47.5,1.982,3.879,NA,NA
2017-09-12,47.325,1.926,3.964,NA,NA
2017-09-13,47.197,2.067,3.54,NA,NA
2017-09-14,47.139,2.294,2.973,NA,NA
2017-09-15,47.045,1.897,2.973,NA,NA
2017-09-16,46.952,1.954,3.03,NA,NA
2017-09-17,46.848,1.812,3.03,NA,NA
2017-09-18,46.719,1.954,3.455,NA,NA
2017-09-19,46.511,1.614,4.021,NA,NA
2017-09-20,46.222,1.869,5.21,NA,NA
2017-09-21,45.899,2.01,5.748,NA,NA
2017-09-22,45.589,2.209,5.805,NA,NA
2017-09-23,45.247,1.841,5.805,NA,NA
2017-09-24,44.847,1.671,6.286,NA,NA
2017-09-25,44.349,0.934,6.711,NA,NA
2017-09-26,43.785,0.453,6.966,NA,NA
2017-09-27,43.168,0.17,7.306,NA,NA
2017-09-28,42.601,0.793,7.362,NA,NA
2017-09-29,42.181,2.633,7.476,NA,NA
2017-09-30,41.916,3.908,6.966,NA,NA
2017-10-01,41.84,4.927,5.805,NA,NA
2017-10-02,41.862,4.757,4.502,NA,NA
2017-10-03,41.884,4.786,4.531,NA,NA
2017-10-04,41.895,4.644,4.531,NA,NA
2017-10-05,41.916,4.786,4.531,NA,NA
2017-10-06,41.949,4.786,4.417,NA,NA
2017-10-07,41.938,4.134,4.248,NA,NA
2017-10-08,41.862,3.596,4.474,NA,NA
2017-10-09,41.752,3.71,4.984,NA,NA
2017-10-10,41.631,3.71,5.097,NA,NA
2017-10-11,41.521,3.823,5.097,NA,NA
2017-10-12,41.456,4.474,5.21,NA,NA
2017-10-13,41.445,5.097,5.239,NA,NA
2017-10-14,41.434,5.097,5.239,NA,NA
2017-10-15,41.423,5.097,5.239,NA,NA
2017-10-16,41.412,5.097,5.239,NA,NA
2017-10-17,41.402,5.125,5.239,NA,NA
2017-10-18,41.391,5.097,5.239,NA,NA
2017-10-19,41.391,5.239,5.239,NA,NA
2017-10-20,41.423,5.607,5.239,NA,NA
2017-10-21,41.303,3.851,5.239,NA,NA
2017-10-22,41.118,3.087,5.239,NA,NA
2017-10-23,40.922,2.973,5.239,NA,NA
2017-10-24,40.77,3.426,5.182,NA,NA
2017-10-25,40.639,3.596,5.097,NA,NA
2017-10-26,40.51,3.596,5.097,NA,NA
2017-10-27,40.337,3.625,5.607,NA,NA
2017-10-28,40.11,3.171,5.805,NA,NA
2017-10-29,39.853,2.832,5.805,NA,NA
2017-10-30,39.606,2.945,5.805,NA,NA
2017-10-31,39.318,2.492,5.805,NA,NA
2017-11-01,38.982,1.897,5.805,NA,NA
2017-11-02,38.584,1.218,5.805,NA,NA
2017-11-03,38.148,0.991,6.031,NA,NA
2017-11-04,37.733,1.303,6.088,NA,NA
2017-11-05,37.333,0.85,5.493,NA,NA
2017-11-06,36.966,0.991,5.239,NA,NA
2017-11-07,36.611,1.133,5.239,NA,NA
2017-11-08,36.237,1.161,5.493,NA,NA
2017-11-09,35.896,1.218,5.154,NA,NA
2017-11-10,35.567,1.076,4.87,NA,NA
2017-11-11,35.311,1.133,4.106,NA,NA
2017-11-12,35.036,1.161,4.332,NA,NA
2017-11-13,34.751,1.076,4.389,NA,NA
2017-11-14,34.498,1.472,4.389,NA,NA
2017-11-15,34.387,2.747,4.021,NA,NA
2017-11-16,34.792,6.711,2.01,NA,NA
2017-11-17,36.195,16.339,0.085,NA,NA
2017-11-18,37.724,17.698,0,NA,NA
2017-11-19,38.552,9.599,0,NA,NA
2017-11-20,39.004,5.21,0,NA,NA
2017-11-21,39.35,4.021,0,NA,NA
2017-11-22,39.638,3.341,0,NA,NA
2017-11-23,39.896,2.973,0,NA,NA
2017-11-24,40.133,2.747,0,NA,NA
2017-11-25,40.347,2.747,0.255,NA,NA
2017-11-26,40.477,2.747,1.246,NA,NA
2017-11-27,40.672,3.681,1.416,NA,NA
2017-11-28,40.683,5.352,5.21,NA,NA
2017-11-29,40.683,7.079,7.079,NA,NA
2017-11-30,40.662,6.824,7.079,NA,NA
2017-12-01,40.651,6.966,7.079,NA,NA
2017-12-02,40.585,5.21,5.947,NA,NA
2017-12-03,40.585,3.993,3.993,NA,NA
2017-12-04,40.574,3.568,3.681,NA,NA
2017-12-05,40.553,2.917,3.143,NA,NA
2017-12-06,40.531,2.209,2.464,NA,NA
2017-12-07,40.521,1.869,1.982,NA,NA
2017-12-08,40.51,1.869,1.982,NA,NA
2017-12-09,40.499,1.869,1.982,NA,NA
2017-12-10,40.488,1.869,1.982,NA,NA
2017-12-11,40.477,1.869,1.982,NA,NA
2017-12-12,40.477,1.982,1.982,NA,NA
2017-12-13,40.467,1.869,1.982,NA,NA
2017-12-14,40.488,2.039,1.784,NA,NA
2017-12-15,40.499,2.407,2.265,NA,NA
2017-12-16,40.445,1.784,2.407,NA,NA
2017-12-17,40.499,3.03,2.407,NA,NA
2017-12-18,40.521,2.662,2.407,NA,NA
2017-12-19,40.531,2.52,2.407,NA,NA
2017-12-20,40.51,2.152,2.407,NA,NA
2017-12-21,40.51,2.152,2.152,NA,NA
2017-12-22,40.467,1.076,1.586,NA,NA
2017-12-23,40.456,1.529,1.642,NA,NA
2017-12-24,40.369,1.133,2.124,NA,NA
2017-12-25,40.272,1.104,2.237,NA,NA
2017-12-26,40.186,1.274,2.265,NA,NA
2017-12-27,40.067,0.906,2.265,NA,NA
2017-12-28,39.917,0.51,2.265,NA,NA
2017-12-29,39.756,1.161,3.03,NA,NA
2017-12-30,39.436,0.113,3.823,NA,NA
2017-12-31,39.201,NA,NA,NA,NA
2018-01-01,39.101,NA,NA,NA,NA
2018-01-02,38.788,1.104,3.964,NA,NA
2018-01-03,38.52,0.878,3.964,NA,NA
2018-01-04,38.467,3.2,3.823,NA,NA
2018-01-05,38.275,1.444,3.681,NA,NA
2018-01-06,38.148,2.209,3.681,NA,NA
2018-01-07,38.18,1.727,1.359,NA,NA
2018-01-08,38.105,1.133,2.01,NA,NA
2018-01-09,38.414,4.361,0.793,NA,NA
2018-01-10,38.906,5.692,0,NA,NA
2018-01-11,39.413,6.541,0.651,NA,NA
2018-01-12,39.799,8.891,4.417,NA,NA
2018-01-13,39.992,78.947,5.663,NA,NA
2018-01-14,40.024,6.031,5.663,NA,NA
2018-01-15,40.046,4.814,4.587,NA,NA
2018-01-16,40.133,4.163,3.171,NA,NA
2018-01-17,40.261,4.304,2.832,NA,NA
2018-01-18,40.315,3.455,2.832,NA,NA
2018-01-19,40.39,3.71,2.832,NA,NA
2018-01-20,40.39,2.832,2.832,NA,NA
2018-01-21,40.38,2.718,2.832,NA,NA
2018-01-22,40.39,2.832,2.832,NA,NA
2018-01-23,40.39,2.832,2.832,NA,NA
2018-01-24,40.39,2.832,2.832,NA,NA
2018-01-25,40.467,3.511,2.633,NA,NA
2018-01-26,40.467,2.265,2.265,NA,NA
2018-01-27,40.477,2.379,2.265,NA,NA
2018-01-28,40.488,2.379,2.265,NA,NA
2018-01-29,40.51,2.52,2.265,NA,NA
2018-01-30,40.51,2.265,2.265,NA,NA
2018-01-31,40.531,2.52,2.265,NA,NA
2018-02-01,40.542,2.464,2.322,NA,NA
2018-02-02,40.531,2.265,2.407,NA,NA
2018-02-03,40.542,2.549,2.407,NA,NA
2018-02-04,40.553,2.549,2.407,NA,NA
2018-02-05,40.553,2.407,2.407,NA,NA
2018-02-06,40.553,2.407,2.407,NA,NA
2018-02-07,40.553,2.407,2.407,NA,NA
2018-02-08,40.542,2.265,2.407,NA,NA
2018-02-09,40.531,2.322,2.464,NA,NA
2018-02-10,40.521,2.435,2.549,NA,NA
2018-02-11,40.499,2.294,2.549,NA,NA
2018-02-12,40.477,2.294,2.549,NA,NA
2018-02-13,40.456,2.237,2.492,NA,NA
2018-02-14,40.433,2.152,2.407,NA,NA
2018-02-15,40.347,1.784,2.775,NA,NA
2018-02-16,40.294,2.209,2.832,NA,NA
2018-02-17,40.133,1.897,3.766,NA,NA
2018-02-18,39.939,2.01,4.248,NA,NA
2018-02-19,39.767,2.265,4.248,NA,NA
2018-02-20,39.564,1.897,4.248,NA,NA
2018-02-21,39.275,1.529,4.87,NA,NA
2018-02-22,38.971,1.416,4.955,NA,NA
2018-02-23,38.756,1.472,3.964,NA,NA
2018-02-24,38.531,1.218,3.823,NA,NA
2018-02-25,38.233,0.85,4.304,NA,NA
2018-02-26,37.934,1.161,4.616,NA,NA
2018-02-27,37.659,1.501,4.672,NA,NA
2018-02-28,37.312,0.651,4.672,NA,NA
2018-03-01,36.966,1.048,5.04,NA,NA
2018-03-02,36.559,2.549,7.277,NA,NA
2018-03-03,36.092,2.095,7.504,NA,NA
2018-03-04,35.525,1.189,7.73,NA,NA
2018-03-05,34.954,1.189,7.787,NA,NA
2018-03-06,34.398,1.359,7.787,NA,NA
2018-03-07,33.855,1.501,7.787,NA,NA
2018-03-08,33.347,1.897,7.787,NA,NA
2018-03-09,32.873,2.294,7.787,NA,NA
2018-03-10,32.432,2.492,7.617,NA,NA
2018-03-11,32.052,2.747,7.164,NA,NA
2018-03-12,31.665,2.605,7.079,NA,NA
2018-03-13,31.404,3.115,6.116,NA,NA
2018-03-14,31.462,4.984,4.304,NA,NA
2018-03-15,31.597,4.248,2.69,NA,NA
2018-03-16,31.916,6.428,2.718,NA,NA
2018-03-17,32.247,6.485,2.662,NA,NA
2018-03-18,32.392,5.777,4.078,NA,NA
2018-03-19,32.519,5.72,4.248,NA,NA
2018-03-20,32.697,5.89,3.823,NA,NA
2018-03-21,32.923,6.003,3.398,NA,NA
2018-03-22,33.955,13.054,1.104,NA,NA
2018-03-23,35.71,20.303,0,NA,NA
2018-03-24,37.018,15.121,0,NA,NA
2018-03-25,37.881,12.828,2.832,NA,NA
2018-03-26,37.978,11.921,10.789,NA,NA
2018-03-27,38.201,13.904,11.327,NA,NA
2018-03-28,38.617,15.603,10.789,NA,NA
2018-03-29,39.254,16.084,8.693,NA,NA
2018-03-30,39.928,16.282,8.495,NA,NA
2018-03-31,40.413,16.537,10.902,NA,NA
2018-04-01,40.617,15.829,13.45,NA,NA
2018-04-02,40.651,16.679,16.282,NA,NA
2018-04-03,40.531,18.009,19.397,NA,NA
2018-04-04,40.229,19.793,23.305,NA,NA
2018-04-05,39.949,22.257,25.485,NA,NA
2018-04-06,39.67,22.257,25.485,NA,NA
2018-04-07,39.564,24.267,25.485,NA,NA
2018-04-08,39.853,25.315,21.974,NA,NA
2018-04-09,39.521,26.25,30.072,NA,NA
2018-04-10,39.617,32.253,31.148,NA,NA
2018-04-11,39.756,32.763,31.148,NA,NA
2018-04-12,40.003,29.874,27.014,NA,NA
2018-04-13,40.413,22.568,17.811,NA,NA
2018-04-14,40.802,18.661,14.158,NA,NA
2018-04-15,41.139,15.234,11.327,NA,NA
2018-04-16,41.478,15.263,11.327,NA,NA
2018-04-17,41.708,12.686,10.024,NA,NA
2018-04-18,42.093,11.723,7.249,NA,NA
2018-04-19,42.447,9.033,4.927,NA,NA
2018-04-20,42.789,7.023,3.058,NA,NA
2018-04-21,43.079,6.173,2.832,NA,NA
2018-04-22,43.393,6.456,2.832,NA,NA
2018-04-23,43.818,6.06,1.133,NA,NA
2018-04-24,44.224,5.267,0.566,NA,NA
2018-04-25,44.495,3.511,0.368,NA,NA
2018-04-26,44.733,2.832,0.085,NA,NA
2018-04-27,45.006,3.143,0,NA,NA
2018-04-28,45.234,2.633,0,NA,NA
2018-04-29,45.486,2.917,0,NA,NA
2018-04-30,45.75,3.058,0,NA,NA
2018-05-01,46.015,9.996,0,NA,NA
2018-05-02,46.28,3.058,0,NA,NA
2018-05-03,46.534,2.945,0,NA,NA
2018-05-04,46.79,2.945,0,NA,NA
2018-05-05,47.034,2.888,0.057,NA,NA
2018-05-06,47.278,2.973,2.973,NA,NA
2018-05-07,47.512,2.86,0.142,NA,NA
2018-05-08,47.747,2.86,0.142,NA,NA
2018-05-09,47.981,2.86,0.142,NA,NA
2018-05-10,48.204,2.718,0.142,NA,NA
2018-05-11,48.429,2.747,0.142,NA,NA
2018-05-12,48.63,2.464,0.142,NA,NA
2018-05-13,48.796,2.832,0.906,NA,NA
2018-05-14,48.867,3.087,2.265,NA,NA
2018-05-15,48.666,2.803,5.125,NA,NA
2018-05-16,48.418,2.803,5.663,NA,NA
2018-05-17,48.24,3.596,5.663,NA,NA
2018-05-18,47.97,2.549,5.663,NA,NA
2018-05-19,47.734,3.964,6.683,NA,NA
2018-05-20,47.617,5.72,7.079,NA,NA
2018-05-21,47.489,5.607,7.079,NA,NA
2018-05-22,47.406,5.607,6.569,NA,NA
2018-05-23,47.337,5.578,6.371,NA,NA
2018-05-24,47.337,5.89,5.89,NA,NA
2018-05-25,47.255,4.021,4.984,NA,NA
2018-05-26,47.244,4.134,4.248,NA,NA
2018-05-27,47.231,3.058,3.2,NA,NA
2018-05-28,47.29,3.03,2.35,NA,NA
2018-05-29,47.395,2.775,1.586,NA,NA
2018-05-30,47.57,3.455,1.416,NA,NA
2018-05-31,47.805,4.644,1.954,NA,NA
2018-06-01,47.828,4.672,4.389,NA,NA
2018-06-02,47.676,4.616,6.371,NA,NA
2018-06-03,47.536,4.757,6.371,NA,NA
2018-06-04,47.419,4.672,6.031,NA,NA
2018-06-05,47.383,4.446,4.87,NA,NA
2018-06-06,47.406,4.531,4.248,NA,NA
2018-06-07,47.442,4.672,4.248,NA,NA
2018-06-08,47.5,4.616,3.936,NA,NA
2018-06-09,47.524,3.483,3.228,NA,NA
2018-06-10,47.5,2.549,2.832,NA,NA
2018-06-11,47.466,2.435,2.832,NA,NA
2018-06-12,47.453,2.69,2.832,NA,NA
2018-06-13,47.43,2.549,2.832,NA,NA
2018-06-14,47.406,2.549,2.832,NA,NA
2018-06-15,47.372,2.435,2.832,NA,NA
2018-06-16,47.267,2.124,3.341,NA,NA
2018-06-17,47.103,1.642,3.54,NA,NA
2018-06-18,46.987,2.888,4.248,NA,NA
2018-06-19,46.859,2.577,4.049,NA,NA
2018-06-20,46.708,2.52,4.248,NA,NA
2018-06-21,46.661,2.605,3.143,NA,NA
2018-06-22,46.616,2.492,3.002,NA,NA
2018-06-23,46.581,2.549,2.945,NA,NA
2018-06-24,46.523,2.52,3.2,NA,NA
2018-06-25,46.453,2.577,3.398,NA,NA
2018-06-26,46.373,2.464,3.398,NA,NA
2018-06-27,46.28,2.577,3.653,NA,NA
2018-06-28,46.13,2.294,4.021,NA,NA
2018-06-29,45.98,2.379,4.106,NA,NA
2018-06-30,45.853,2.633,4.106,NA,NA
2018-07-01,45.715,2.52,4.106,NA,NA
2018-07-02,45.566,2.379,4.106,NA,NA
2018-07-03,45.44,2.662,4.106,NA,NA
2018-07-04,45.292,2.407,4.106,NA,NA
2018-07-05,45.155,2.52,4.106,NA,NA
2018-07-06,45.006,2.379,4.106,NA,NA
2018-07-07,44.87,2.549,4.106,NA,NA
2018-07-08,44.733,2.52,4.106,NA,NA
2018-07-09,44.574,2.265,4.106,NA,NA
2018-07-10,44.45,2.662,4.106,NA,NA
2018-07-11,44.303,2.407,4.106,NA,NA
2018-07-12,44.123,2.435,4.531,NA,NA
2018-07-13,43.897,2.492,5.097,NA,NA
2018-07-14,43.673,2.633,5.239,NA,NA
2018-07-15,43.448,2.832,5.409,NA,NA
2018-07-16,43.179,2.549,5.663,NA,NA
2018-07-17,42.902,2.464,5.663,NA,NA
2018-07-18,42.601,2.379,5.862,NA,NA
2018-07-19,42.302,2.492,5.947,NA,NA
2018-07-20,42.016,2.492,5.805,NA,NA
2018-07-21,41.741,2.492,5.663,NA,NA
2018-07-22,41.51,2.577,5.239,NA,NA
2018-07-23,41.402,2.803,4.078,NA,NA
2018-07-24,41.314,2.662,3.681,NA,NA
2018-07-25,41.216,2.549,3.681,NA,NA
2018-07-26,41.107,2.435,3.681,NA,NA
2018-07-27,40.976,2.549,4.078,NA,NA
2018-07-28,40.791,2.379,4.531,NA,NA
2018-07-29,40.585,2.435,4.814,NA,NA
2018-07-30,40.38,2.435,4.814,NA,NA
2018-07-31,40.176,2.435,4.814,NA,NA
2018-08-01,39.971,2.435,4.814,NA,NA
2018-08-02,39.767,2.464,4.814,NA,NA
2018-08-03,39.564,2.322,4.701,NA,NA
2018-08-04,39.36,2.322,4.672,NA,NA
2018-08-05,39.148,2.209,13.167,NA,NA
2018-08-06,38.938,2.237,4.672,NA,NA
2018-08-07,38.746,2.435,4.672,NA,NA
2018-08-08,38.564,2.549,4.672,NA,NA
2018-08-09,38.371,2.435,4.672,NA,NA
2018-08-10,38.18,2.464,4.672,NA,NA
2018-08-11,37.987,2.435,4.672,NA,NA
2018-08-12,37.798,2.464,4.672,NA,NA
2018-08-13,37.606,2.464,4.672,NA,NA
2018-08-14,37.407,2.35,4.672,NA,NA
2018-08-15,37.207,2.35,4.672,NA,NA
2018-08-16,37.018,2.492,4.672,NA,NA
2018-08-17,36.819,2.379,4.672,NA,NA
2018-08-18,36.621,2.379,4.672,NA,NA
2018-08-19,36.435,2.52,4.672,NA,NA
2018-08-20,36.237,2.379,4.672,NA,NA
2018-08-21,36.061,2.265,4.304,NA,NA
2018-08-22,35.937,2.407,3.823,NA,NA
2018-08-23,35.814,2.407,3.823,NA,NA
2018-08-24,35.691,2.407,3.823,NA,NA
2018-08-25,35.556,2.265,3.823,NA,NA
2018-08-26,35.423,2.294,3.823,NA,NA
2018-08-27,35.311,2.52,3.823,NA,NA
2018-08-28,35.179,2.294,3.823,NA,NA
2018-08-29,35.067,2.52,3.823,NA,NA
2018-08-30,34.914,2.039,3.823,NA,NA
2018-08-31,34.741,1.812,3.823,NA,NA
2018-09-01,34.57,1.841,3.823,NA,NA
2018-09-02,34.398,1.841,3.823,NA,NA
2018-09-03,34.227,1.841,3.823,NA,NA
2018-09-04,34.055,1.841,3.823,NA,NA
2018-09-05,33.865,1.926,4.134,NA,NA
2018-09-06,33.557,1.472,5.04,NA,NA
2018-09-07,33.11,1.048,6.201,NA,NA
2018-09-08,32.735,1.189,5.522,NA,NA
2018-09-09,32.452,0.963,4.248,NA,NA
2018-09-10,32.257,1.133,3.398,NA,NA
2018-09-11,32.091,0.991,2.917,NA,NA
2018-09-12,32.004,1.048,2.039,NA,NA
2018-09-13,31.916,0.821,1.841,NA,NA
2018-09-14,31.858,0.934,1.586,NA,NA
2018-09-15,31.751,0.963,2.209,NA,NA
2018-09-16,31.559,0.85,3.058,NA,NA
2018-09-17,31.3,0.821,3.823,NA,NA
2018-09-18,31.002,1.019,4.474,NA,NA
2018-09-19,30.659,1.019,4.984,NA,NA
2018-09-20,30.291,1.104,5.38,NA,NA
2018-09-21,29.887,0.991,5.663,NA,NA
2018-09-22,29.448,0.963,5.918,NA,NA
2018-09-23,29.004,1.076,6.23,NA,NA
2018-09-24,28.527,1.048,6.569,NA,NA
2018-09-25,28.044,1.076,6.654,NA,NA
2018-09-26,27.549,1.161,6.909,NA,NA
2018-09-27,27.058,1.246,6.938,NA,NA
2018-09-28,26.519,0.934,7.192,NA,NA
2018-09-29,25.977,0.963,7.221,NA,NA
2018-09-30,25.458,1.218,7.221,NA,NA
2018-10-01,24.927,1.076,7.221,NA,NA
2018-10-02,24.395,1.048,7.221,NA,NA
2018-10-03,23.909,1.359,6.966,NA,NA
2018-10-04,23.487,1.444,6.343,NA,NA
2018-10-05,23.118,1.331,5.578,NA,NA
2018-10-06,22.752,1.218,5.437,NA,NA
2018-10-07,22.404,1.218,5.239,NA,NA
2018-10-08,22.036,0.991,5.239,NA,NA
2018-10-09,21.671,1.246,5.465,NA,NA
2018-10-10,21.286,1.076,5.522,NA,NA
2018-10-11,20.92,1.274,5.522,NA,NA
2018-10-12,20.535,1.076,5.522,NA,NA
2018-10-13,20.1,1.048,6.088,NA,NA
2018-10-14,19.633,1.104,6.513,NA,NA
2018-10-15,19.179,1.246,6.513,NA,NA
2018-10-16,18.672,0.651,6.513,NA,NA
2018-10-17,18.238,0.906,5.918,NA,NA
2018-10-18,17.837,1.161,5.805,NA,NA
2018-10-19,17.477,1.133,5.295,NA,NA
2018-10-20,17.149,1.161,4.955,NA,NA
2018-10-21,16.816,1.104,4.955,NA,NA
2018-10-22,16.495,1.246,4.955,NA,NA
2018-10-23,16.15,1.076,5.069,NA,NA
2018-10-24,15.802,1.076,5.097,NA,NA
2018-10-25,15.472,1.274,5.097,NA,NA
2018-10-26,15.131,1.161,5.097,NA,NA
2018-10-27,14.815,1.331,4.984,NA,NA
2018-10-28,14.49,1.189,4.955,NA,NA
2018-10-29,14.174,1.303,4.955,NA,NA
2018-10-30,13.845,1.133,4.955,NA,NA
2018-10-31,13.525,1.246,4.955,NA,NA
2018-11-01,13.217,1.388,4.955,NA,NA
2018-11-02,12.9,1.274,4.955,NA,NA
2018-11-03,12.593,1.416,4.955,NA,NA
2018-11-04,12.273,1.246,4.955,NA,NA
2018-11-05,11.866,1.189,5.918,NA,NA
2018-11-06,11.434,1.246,6.23,NA,NA
2018-11-07,11.003,1.246,6.23,NA,NA
2018-11-08,10.575,1.274,6.23,NA,NA
2018-11-09,10.128,1.189,6.343,NA,NA
2018-11-10,9.678,1.161,6.371,NA,NA
2018-11-11,9.26,1.529,6.371,NA,NA
2018-11-12,8.816,1.246,6.371,NA,NA
2018-11-13,8.432,1.331,5.777,NA,NA
2018-11-14,8.067,1.303,5.522,NA,NA
2018-11-15,7.915,1.303,3.058,NA,NA
2018-11-16,7.902,1.218,1.388,NA,NA
2018-11-17,7.929,1.303,0.991,NA,NA
2018-11-18,7.952,1.274,0.991,NA,NA
2018-11-19,7.97,1.189,0.991,NA,NA
2018-11-20,7.984,1.274,1.104,NA,NA
2018-11-21,8.003,1.218,0.991,NA,NA
2018-11-22,8.072,1.642,0.85,NA,NA
2018-11-23,8.132,1.557,0.85,NA,NA
2018-11-24,8.211,1.756,0.85,NA,NA
2018-11-25,8.319,1.388,0.142,NA,NA
2018-11-26,8.38,1.189,0.453,NA,NA
2018-11-27,8.404,1.331,1.076,NA,NA
2018-11-28,8.362,1.359,1.841,NA,NA
2018-11-29,8.352,1.472,1.586,NA,NA
2018-11-30,8.414,1.841,1.104,NA,NA
2018-12-01,8.394,1.246,1.472,NA,NA
2018-12-02,8.38,1.416,1.557,NA,NA
2018-12-03,8.337,1.274,1.784,NA,NA
2018-12-04,8.258,1.189,2.095,NA,NA
2018-12-05,8.216,1.388,1.897,NA,NA
2018-12-06,8.174,1.359,1.841,NA,NA
2018-12-07,8.127,1.303,1.841,NA,NA
2018-12-08,8.039,1.246,2.265,NA,NA
2018-12-09,7.902,1.274,2.86,NA,NA
2018-12-10,7.751,1.246,2.973,NA,NA
2018-12-11,7.617,1.246,2.86,NA,NA
2018-12-12,7.474,1.246,2.832,NA,NA
2018-12-13,7.342,1.303,2.832,NA,NA
2018-12-14,7.033,1.189,4.757,NA,NA
2018-12-15,6.758,2.294,5.493,NA,NA
2018-12-16,6.6,3.03,4.87,NA,NA
2018-12-17,6.489,3.115,4.389,NA,NA
2018-12-18,6.489,3.087,3.087,NA,NA
2018-12-19,6.502,3.115,2.973,NA,NA
2018-12-20,6.514,3.115,2.973,NA,NA
2018-12-21,6.576,3.681,2.973,NA,NA
2018-12-22,6.683,4.219,2.973,NA,NA
2018-12-23,6.792,4.106,2.86,NA,NA
2018-12-24,6.889,4.106,2.973,NA,NA
2018-12-25,7.089,4.927,2.633,NA,NA
2018-12-26,7.254,4.219,2.322,NA,NA
2018-12-27,7.35,3.993,2.888,NA,NA
2018-12-28,7.373,3.879,3.625,NA,NA
2018-12-29,7.354,3.964,4.163,NA,NA
2018-12-30,7.315,3.908,4.361,NA,NA
2018-12-31,7.271,NA,NA,NA,NA
2019-01-01,7.241,NA,NA,NA,NA
2019-01-02,7.237,4.502,4.757,NA,NA
2019-01-03,7.206,4.446,4.814,NA,NA
2019-01-04,7.175,4.446,4.814,NA,NA
2019-01-05,7.175,4.587,4.587,NA,NA
2019-01-06,7.206,4.757,4.389,NA,NA
2019-01-07,7.289,5.239,4.276,NA,NA
2019-01-08,7.376,4.559,3.54,NA,NA
2019-01-09,7.403,4.587,4.248,NA,NA
2019-01-10,7.393,4.701,4.814,NA,NA
2019-01-11,7.421,4.672,4.361,NA,NA
2019-01-12,7.434,4.531,4.361,NA,NA
2019-01-13,7.381,4.531,5.125,NA,NA
2019-01-14,7.306,4.474,5.352,NA,NA
2019-01-15,7.223,4.531,5.493,NA,NA
2019-01-16,7.211,5.097,5.239,NA,NA
2019-01-17,7.393,6.088,3.964,NA,NA
2019-01-18,7.815,5.72,0.85,NA,NA
2019-01-19,8.211,4.587,0,NA,NA
2019-01-20,8.565,4.927,0.85,NA,NA
2019-01-21,9.041,5.947,0.425,NA,NA
2019-01-22,9.46,4.984,0.142,NA,NA
2019-01-23,9.744,4.757,1.472,NA,NA
2019-01-24,10.013,4.814,1.699,NA,NA
2019-01-25,10.234,4.729,2.18,NA,NA
2019-01-26,10.408,4.644,2.633,NA,NA
2019-01-27,10.557,4.644,2.917,NA,NA
2019-01-28,10.671,4.531,3.2,NA,NA
2019-01-29,10.789,4.616,3.256,NA,NA
2019-01-30,10.899,4.644,3.37,NA,NA
2019-01-31,10.996,4.531,3.398,NA,NA
2019-02-01,11.101,4.616,3.398,NA,NA
2019-02-02,11.239,4.87,3.285,NA,NA
2019-02-03,11.63,5.805,1.274,NA,NA
2019-02-04,12.055,5.465,0.566,NA,NA
2019-02-05,12.47,5.38,0.566,NA,NA
2019-02-06,12.505,1.671,1.274,NA,NA
2019-02-07,12.546,2.265,1.784,NA,NA
2019-02-08,12.622,3.087,2.209,NA,NA
2019-02-09,12.699,3.143,2.265,NA,NA
2019-02-10,12.775,3.71,2.832,NA,NA
2019-02-11,12.758,3.115,3.341,NA,NA
2019-02-12,12.728,3.058,3.398,NA,NA
2019-02-13,12.758,2.69,2.35,NA,NA
2019-02-14,13.108,4.87,0.821,NA,NA
2019-02-15,13.641,6.315,0.142,NA,NA
2019-02-16,14.031,4.644,0.142,NA,NA
2019-02-17,14.382,4.219,0.142,NA,NA
2019-02-18,14.719,4.049,0.142,NA,NA
2019-02-19,15.041,3.879,0.142,NA,NA
2019-02-20,15.346,3.681,0.142,NA,NA
2019-02-21,15.655,3.738,0.142,NA,NA
2019-02-22,15.935,3.37,0.142,NA,NA
2019-02-23,16.217,3.398,0.142,NA,NA
2019-02-24,16.495,3.37,0.142,NA,NA
2019-02-25,16.775,3.37,0.142,NA,NA
2019-02-26,17.073,3.568,0.142,NA,NA
2019-02-27,17.386,3.766,0.142,NA,NA
2019-02-28,17.724,4.049,0.142,NA,NA
2019-03-01,18.073,4.191,0.142,NA,NA
2019-03-02,18.441,4.389,0.142,NA,NA
2019-03-03,18.804,4.361,0.142,NA,NA
2019-03-04,19.216,4.899,0.142,NA,NA
2019-03-05,19.61,4.701,0.142,NA,NA
2019-03-06,20.032,5.012,0.142,NA,NA
2019-03-07,20.497,5.522,0.142,NA,NA
2019-03-08,20.912,5.295,0.51,NA,NA
2019-03-09,21.208,4.757,1.331,NA,NA
2019-03-10,21.466,4.389,1.416,NA,NA
2019-03-11,21.624,4.276,2.435,NA,NA
2019-03-12,21.727,4.021,2.832,NA,NA
2019-03-13,21.838,4.106,2.832,NA,NA
2019-03-14,21.933,3.936,2.832,NA,NA
2019-03-15,22.004,3.653,2.832,NA,NA
2019-03-16,22.044,3.794,3.341,NA,NA
2019-03-17,21.9,3.794,5.465,NA,NA
2019-03-18,21.782,4.304,5.663,NA,NA
2019-03-19,21.443,4.191,8.127,NA,NA
2019-03-20,20.742,5.04,13.139,NA,NA
2019-03-21,20.116,6.909,14.158,NA,NA
2019-03-22,19.528,7.362,14.158,NA,NA
2019-03-23,18.951,7.476,14.158,NA,NA
2019-03-24,18.383,7.589,14.158,NA,NA
2019-03-25,17.675,6.909,15.121,NA,NA
2019-03-26,16.885,7.844,16.99,NA,NA
2019-03-27,16.156,7.844,16.99,NA,NA
2019-03-28,15.596,10.506,16.99,NA,NA
2019-03-29,15.06,9.571,15.801,NA,NA
2019-03-30,14.866,9.514,11.751,NA,NA
2019-03-31,14.744,9.911,11.327,NA,NA
2019-04-01,14.667,10.449,11.327,NA,NA
2019-04-02,14.623,12.006,12.516,NA,NA
2019-04-03,14.738,15.489,14.158,NA,NA
2019-04-04,14.854,15.489,14.158,NA,NA
2019-04-05,14.918,15.546,14.781,NA,NA
2019-04-06,15.067,17.302,15.574,NA,NA
2019-04-07,14.95,17.641,19.001,NA,NA
2019-04-08,15.294,23.814,19.822,NA,NA
2019-04-09,15.675,27.297,22.88,NA,NA
2019-04-10,15.517,25.089,26.901,NA,NA
2019-04-11,15.373,25.23,26.901,NA,NA
2019-04-12,15.248,25.457,26.901,NA,NA
2019-04-13,15.111,25.315,26.901,NA,NA
2019-04-14,15.034,25.995,26.901,NA,NA
2019-04-15,15.027,26.844,26.901,NA,NA
2019-04-16,15.145,28.26,26.901,NA,NA
2019-04-17,15.268,28.317,26.901,NA,NA
2019-04-18,15.385,28.26,26.901,NA,NA
2019-04-19,15.523,28.487,26.901,NA,NA
2019-04-20,16.143,34.348,27.184,NA,NA
2019-04-21,16.92,36.755,27.75,NA,NA
2019-04-22,17.583,35.849,28.175,NA,NA
2019-04-23,18.195,35.538,28.458,NA,NA
2019-04-24,18.775,35.453,28.742,NA,NA
2019-04-25,19.528,37.746,29.025,NA,NA
2019-04-26,20.282,38.029,29.308,NA,NA
2019-04-27,20.967,37.435,29.506,NA,NA
2019-04-28,21.592,36.897,29.676,NA,NA
2019-04-29,22.172,36.444,29.733,NA,NA
2019-04-30,22.573,34.433,29.789,NA,NA
2019-05-01,22.679,31.177,29.959,NA,NA
2019-05-02,22.396,26.618,29.874,NA,NA
2019-05-03,21.759,22.2,29.591,NA,NA
2019-05-04,20.912,19.652,29.449,NA,NA
2019-05-05,20.01,18.859,29.308,NA,NA
2019-05-06,19.061,18.519,28.94,NA,NA
2019-05-07,18.159,18.236,28.657,NA,NA
2019-05-08,17.281,18.293,28.458,NA,NA
2019-05-09,16.55,19.567,28.034,NA,NA
2019-05-10,16.076,22.257,27.75,NA,NA
2019-05-11,15.682,23.135,27.694,NA,NA
2019-05-12,15.307,23.191,27.524,NA,NA
2019-05-13,14.937,23.107,27.411,NA,NA
2019-05-14,14.93,23.899,23.984,NA,NA
2019-05-15,15.307,23.588,19.199,NA,NA
2019-05-16,15.695,23.305,18.831,NA,NA
2019-05-17,16.002,22.993,19.425,NA,NA
2019-05-18,15.948,21.662,22.285,NA,NA
2019-05-19,15.928,22.852,23.078,NA,NA
2019-05-20,15.59,19.17,23.078,NA,NA
2019-05-21,15.3,17.33,20.7,NA,NA
2019-05-22,15.216,16.452,17.415,NA,NA
2019-05-23,15.229,14.725,14.583,NA,NA
2019-05-24,15.365,14.158,12.573,NA,NA
2019-05-25,15.531,13.252,11.327,NA,NA
2019-05-26,15.675,12.997,11.327,NA,NA
2019-05-27,15.828,13.082,11.327,NA,NA
2019-05-28,16.008,13.422,11.327,NA,NA
2019-05-29,16.238,13.988,11.327,NA,NA
2019-05-30,16.529,14.696,11.327,NA,NA
2019-05-31,16.706,15.744,13.677,NA,NA
2019-06-01,16.927,18.123,15.574,NA,NA
2019-06-02,17.197,20.105,16.99,NA,NA
2019-06-03,17.443,15.574,12.743,NA,NA
2019-06-04,17.675,15.433,12.743,NA,NA
2019-06-05,17.831,18.802,16.99,NA,NA
2019-06-06,17.937,17.188,15.971,NA,NA
2019-06-07,18.195,17.132,14.158,NA,NA
2019-06-08,18.658,17.132,11.78,NA,NA
2019-06-09,18.98,15.065,11.327,NA,NA
2019-06-10,19.179,13.649,11.327,NA,NA
2019-06-11,19.379,13.649,11.327,NA,NA
2019-06-12,19.663,13.422,10.137,NA,NA
2019-06-13,20.002,13.847,9.911,NA,NA
2019-06-14,20.375,12.318,8.014,NA,NA
2019-06-15,20.78,11.072,6.4,NA,NA
2019-06-16,20.998,9.599,7.079,NA,NA
2019-06-17,21.216,9.599,7.079,NA,NA
2019-06-18,21.349,9.826,8.269,NA,NA
2019-06-19,21.412,10.902,10.166,NA,NA
2019-06-20,21.466,11.1,10.477,NA,NA
2019-06-21,21.513,11.015,10.477,NA,NA
2019-06-22,21.482,10.109,10.477,NA,NA
2019-06-23,21.412,9.656,10.477,NA,NA
2019-06-24,21.435,9.033,8.75,NA,NA
2019-06-25,21.459,8.212,7.929,NA,NA
2019-06-26,21.482,8.212,7.929,NA,NA
2019-06-27,21.49,8.014,7.929,NA,NA
2019-06-28,21.506,8.127,7.929,NA,NA
2019-06-29,21.49,6.598,6.796,NA,NA
2019-06-30,21.474,4.814,4.984,NA,NA
2019-07-01,21.529,3.2,2.549,NA,NA
2019-07-02,21.537,2.35,2.265,NA,NA
2019-07-03,21.522,2.095,2.265,NA,NA
2019-07-04,21.529,2.095,2.01,NA,NA
2019-07-05,21.537,2.067,1.982,NA,NA
2019-07-06,21.545,2.095,1.982,NA,NA
2019-07-07,21.553,2.067,1.982,NA,NA
2019-07-08,21.553,1.982,1.982,NA,NA
2019-07-09,21.561,2.095,1.982,NA,NA
2019-07-10,21.561,1.982,1.982,NA,NA
2019-07-11,21.569,2.067,1.982,NA,NA
2019-07-12,21.569,1.982,1.982,NA,NA
2019-07-13,21.576,2.067,1.982,NA,NA
2019-07-14,21.553,1.699,1.982,NA,NA
2019-07-15,21.553,1.982,1.982,NA,NA
2019-07-16,21.576,3.171,2.888,NA,NA
2019-07-17,21.585,3.455,3.341,NA,NA
2019-07-18,21.592,3.341,3.256,NA,NA
2019-07-19,21.576,3.653,3.851,NA,NA
2019-07-20,21.576,3.964,3.964,NA,NA
2019-07-21,21.576,3.964,3.964,NA,NA
2019-07-22,21.576,3.964,3.964,NA,NA
2019-07-23,21.553,3.681,3.964,NA,NA
2019-07-24,21.529,3.681,3.964,NA,NA
2019-07-25,21.513,3.766,3.964,NA,NA
2019-07-26,21.498,3.625,3.794,NA,NA
2019-07-27,21.513,3.426,3.256,NA,NA
2019-07-28,21.529,3.483,3.285,NA,NA
2019-07-29,21.537,3.483,3.398,NA,NA
2019-07-30,21.545,3.511,3.398,NA,NA
2019-07-31,21.522,3.37,3.625,NA,NA
2019-08-01,21.49,3.313,3.681,NA,NA
2019-08-02,21.466,3.398,3.681,NA,NA
2019-08-03,21.435,3.313,3.681,NA,NA
2019-08-04,21.412,3.398,3.681,NA,NA
2019-08-05,21.387,3.398,3.681,NA,NA
2019-08-06,21.317,2.86,3.681,NA,NA
2019-08-07,21.216,2.52,3.681,NA,NA
2019-08-08,21.115,2.52,3.681,NA,NA
2019-08-09,21.014,2.52,3.681,NA,NA
2019-08-10,20.905,2.435,3.681,NA,NA
2019-08-11,20.813,2.605,3.681,NA,NA
2019-08-12,20.711,2.52,3.681,NA,NA
2019-08-13,20.597,2.35,3.681,NA,NA
2019-08-14,20.458,2.095,3.681,NA,NA
2019-08-15,20.351,2.435,3.681,NA,NA
2019-08-16,20.267,2.718,3.681,NA,NA
2019-08-17,20.183,2.718,3.681,NA,NA
2019-08-18,20.077,2.69,3.908,NA,NA
2019-08-19,19.971,2.747,3.964,NA,NA
2019-08-20,19.858,2.662,3.964,NA,NA
2019-08-21,19.753,2.747,3.964,NA,NA
2019-08-22,19.618,2.633,4.191,NA,NA
2019-08-23,19.484,2.69,4.248,NA,NA
2019-08-24,19.357,2.775,4.248,NA,NA
2019-08-25,19.224,2.718,4.248,NA,NA
2019-08-26,19.083,2.605,4.248,NA,NA
2019-08-27,18.951,2.718,4.248,NA,NA
2019-08-28,18.827,2.803,4.248,NA,NA
2019-08-29,18.687,2.718,4.304,NA,NA
2019-08-30,18.556,2.747,4.248,NA,NA
2019-08-31,18.433,2.577,4.021,NA,NA
2019-09-01,18.39,2.662,3.171,NA,NA
2019-09-02,18.397,2.633,2.549,NA,NA
2019-09-03,18.455,2.718,2.039,NA,NA
2019-09-04,18.519,2.718,1.982,NA,NA
2019-09-05,18.6,2.917,1.982,NA,NA
2019-09-06,18.665,2.747,1.982,NA,NA
2019-09-07,18.745,2.662,1.756,NA,NA
2019-09-08,18.827,2.633,1.699,NA,NA
2019-09-09,18.892,2.69,1.926,NA,NA
2019-09-10,18.922,2.322,1.982,NA,NA
2019-09-11,18.936,2.152,1.982,NA,NA
2019-09-12,18.951,2.152,1.982,NA,NA
2019-09-13,18.972,2.152,1.926,NA,NA
2019-09-14,18.951,2.237,2.492,NA,NA
2019-09-15,18.907,2.209,2.718,NA,NA
2019-09-16,18.84,2.095,2.86,NA,NA
2019-09-17,18.812,2.492,2.832,NA,NA
2019-09-18,18.804,2.265,2.35,NA,NA
2019-09-19,18.745,2.265,2.945,NA,NA
2019-09-20,18.695,2.152,2.747,NA,NA
2019-09-21,18.65,2.18,2.69,NA,NA
2019-09-22,18.585,2.18,2.917,NA,NA
2019-09-23,18.513,2.152,2.973,NA,NA
2019-09-24,18.441,2.322,3.171,NA,NA
2019-09-25,18.418,2.832,3.087,NA,NA
2019-09-26,18.39,2.775,3.115,NA,NA
2019-09-27,18.36,2.775,3.115,NA,NA
2019-09-28,18.397,3.2,2.775,NA,NA
2019-09-29,18.498,3.851,2.69,NA,NA
2019-09-30,18.585,3.681,2.69,NA,NA
2019-10-01,18.672,3.71,2.69,NA,NA
2019-10-02,18.76,3.71,2.69,NA,NA
2019-10-03,18.848,3.71,2.69,NA,NA
2019-10-04,18.929,3.625,2.69,NA,NA
2019-10-05,19.024,3.794,2.69,NA,NA
2019-10-06,19.113,3.71,2.69,NA,NA
2019-10-07,19.194,3.625,2.69,NA,NA
2019-10-08,19.32,3.794,2.322,NA,NA
2019-10-09,19.468,3.681,1.982,NA,NA
2019-10-10,19.58,3.54,2.237,NA,NA
2019-10-11,19.707,3.794,2.322,NA,NA
2019-10-12,19.85,3.681,2.01,NA,NA
2019-10-13,20.017,3.766,1.841,NA,NA
2019-10-14,20.176,3.681,1.841,NA,NA
2019-10-15,20.32,3.738,2.067,NA,NA
2019-10-16,20.458,3.738,2.124,NA,NA
2019-10-17,20.558,3.71,2.549,NA,NA
2019-10-18,20.619,3.823,3.115,NA,NA
2019-10-19,20.658,3.823,3.341,NA,NA
2019-10-20,20.697,3.851,3.398,NA,NA
2019-10-21,20.727,3.766,3.398,NA,NA
2019-10-22,20.758,3.766,3.398,NA,NA
2019-10-23,20.78,3.766,3.511,NA,NA
2019-10-24,20.789,3.625,3.54,NA,NA
2019-10-25,20.773,3.766,3.936,NA,NA
2019-10-26,20.742,3.738,4.106,NA,NA
2019-10-27,20.697,3.681,4.219,NA,NA
2019-10-28,20.635,3.54,4.248,NA,NA
2019-10-29,20.466,2.945,4.899,NA,NA
2019-10-30,20.138,1.614,5.409,NA,NA
2019-10-31,19.753,1.189,5.635,NA,NA
2019-11-01,19.364,1.161,5.663,NA,NA
2019-11-02,19.157,1.076,3.483,NA,NA
2019-11-03,19.002,1.019,2.832,NA,NA
2019-11-04,18.862,1.218,2.832,NA,NA
2019-11-05,18.717,1.133,2.832,NA,NA
2019-11-06,18.564,1.161,2.917,NA,NA
2019-11-07,18.426,1.133,2.747,NA,NA
2019-11-08,18.281,11.383,2.803,NA,NA
2019-11-09,18.167,1.246,2.577,NA,NA
2019-11-10,18.101,1.218,1.982,NA,NA
2019-11-11,18.045,1.331,1.982,NA,NA
2019-11-12,17.98,1.246,1.982,NA,NA
2019-11-13,17.93,1.218,1.784,NA,NA
2019-11-14,17.924,1.218,1.303,NA,NA
2019-11-15,17.901,1.274,1.529,NA,NA
2019-11-16,17.873,1.218,1.557,NA,NA
2019-11-17,17.852,1.189,1.444,NA,NA
2019-11-18,17.845,1.189,1.274,NA,NA
2019-11-19,17.803,0.793,1.274,NA,NA
2019-11-20,17.809,1.359,1.274,NA,NA
2019-11-21,17.824,1.218,1.048,NA,NA
2019-11-22,17.831,1.189,1.104,NA,NA
2019-11-23,17.837,1.189,1.133,NA,NA
2019-11-24,17.845,1.218,1.133,NA,NA
2019-11-25,17.824,1.189,1.416,NA,NA
2019-11-26,17.767,1.189,1.841,NA,NA
2019-11-27,17.76,2.237,2.322,NA,NA
2019-11-28,17.724,2.265,2.69,NA,NA
2019-11-29,17.682,2.209,2.69,NA,NA
2019-11-30,17.633,2.124,2.69,NA,NA
2019-12-01,17.612,2.435,2.69,NA,NA
2019-12-02,17.731,3.426,2.039,NA,NA
2019-12-03,17.895,3.398,1.501,NA,NA
2019-12-04,18.066,3.54,1.557,NA,NA
2019-12-05,18.223,3.511,1.699,NA,NA
2019-12-06,18.375,3.625,1.869,NA,NA
2019-12-07,18.519,3.653,1.982,NA,NA
2019-12-08,18.819,5.012,1.529,NA,NA
2019-12-09,19.054,4.134,1.416,NA,NA
2019-12-10,19.253,3.738,1.416,NA,NA
2019-12-11,19.438,3.568,1.416,NA,NA
2019-12-12,19.641,3.766,1.416,NA,NA
2019-12-13,19.836,3.681,1.416,NA,NA
2019-12-14,20.176,4.332,0.396,NA,NA
2019-12-15,20.481,3.879,0.34,NA,NA
2019-12-16,20.766,3.54,0.227,NA,NA
2019-12-17,21.006,3.54,0.736,NA,NA
2019-12-18,21.216,3.426,0.991,NA,NA
2019-12-19,21.403,3.398,1.246,NA,NA
2019-12-20,21.592,3.455,1.274,NA,NA
2019-12-21,21.766,3.398,1.388,NA,NA
2019-12-22,21.933,3.455,1.529,NA,NA
2019-12-23,22.1,3.511,1.557,NA,NA
2019-12-24,22.268,3.511,1.557,NA,NA
2019-12-25,22.428,3.398,1.557,NA,NA
2019-12-26,22.565,3.398,1.982,NA,NA
2019-12-27,22.695,3.455,1.982,NA,NA
2019-12-28,22.784,3.37,2.35,NA,NA
2019-12-29,22.865,3.341,2.407,NA,NA
2019-12-30,22.962,3.54,2.407,NA,NA
2019-12-31,NA,NA,NA,NA,NA
2020-01-01,NA,NA,NA,NA,NA
2020-01-02,23.289,3.37,2.237,NA,NA
2020-01-03,23.437,3.964,2.265,NA,NA
2020-01-04,23.52,3.228,2.265,NA,NA
2020-01-05,23.627,3.511,2.265,NA,NA
2020-01-06,23.726,3.398,2.265,NA,NA
2020-01-07,23.826,3.426,2.265,NA,NA
2020-01-08,23.934,3.511,2.265,NA,NA
2020-01-09,24.001,3.03,2.265,NA,NA
2020-01-10,24.076,2.549,1.671,NA,NA
2020-01-11,24.159,2.407,1.444,NA,NA
2020-01-12,24.201,1.897,1.416,NA,NA
2020-01-13,24.227,1.727,1.416,NA,NA
2020-01-14,24.243,1.614,1.416,NA,NA
2020-01-15,24.227,1.218,1.416,NA,NA
2020-01-16,24.192,1.246,1.671,NA,NA
2020-01-17,24.21,1.897,1.699,NA,NA
2020-01-18,24.168,1.218,1.699,NA,NA
2020-01-19,24.143,1.303,1.586,NA,NA
2020-01-20,24.117,1.246,1.557,NA,NA
2020-01-21,24.084,1.161,1.557,NA,NA
2020-01-22,24.076,1.359,1.444,NA,NA
2020-01-23,24.068,1.303,1.416,NA,NA
2020-01-24,24.059,1.303,1.416,NA,NA
2020-01-25,24.043,1.416,1.614,NA,NA
2020-01-26,24.05,1.416,1.331,NA,NA
2020-01-27,24.126,1.784,0.906,NA,NA
2020-01-28,24.21,1.444,0.481,NA,NA
2020-01-29,24.276,1.246,0.453,NA,NA
2020-01-30,24.353,1.444,0.538,NA,NA
2020-01-31,24.403,1.274,0.68,NA,NA
2020-02-01,24.454,1.303,0.708,NA,NA
2020-02-02,24.504,1.303,0.708,NA,NA
2020-02-03,24.555,1.303,0.708,NA,NA
2020-02-04,24.571,1.133,0.934,NA,NA
2020-02-05,24.597,1.303,0.991,NA,NA
2020-02-06,24.621,1.274,0.991,NA,NA
2020-02-07,24.647,1.303,0.991,NA,NA
2020-02-08,24.665,1.303,1.133,NA,NA
2020-02-09,24.672,1.218,1.133,NA,NA
2020-02-10,24.672,1.133,1.133,NA,NA
2020-02-11,24.656,1.189,1.359,NA,NA
2020-02-12,24.639,1.218,1.416,NA,NA
2020-02-13,24.613,1.104,1.416,NA,NA
2020-02-14,24.613,1.303,1.303,NA,NA
2020-02-15,24.605,1.189,1.274,NA,NA
2020-02-16,24.597,1.189,1.274,NA,NA
2020-02-17,24.588,1.189,1.274,NA,NA
2020-02-18,24.588,1.161,1.161,NA,NA
2020-02-19,24.597,1.246,1.133,NA,NA
2020-02-20,24.597,1.246,1.246,NA,NA
2020-02-21,24.597,1.274,1.274,NA,NA
2020-02-22,24.597,1.274,1.274,NA,NA
2020-02-23,24.588,1.189,1.274,NA,NA
2020-02-24,24.588,1.274,1.274,NA,NA
2020-02-25,24.58,1.189,1.274,NA,NA
2020-02-26,24.58,1.274,1.274,NA,NA
2020-02-27,24.58,1.218,1.218,NA,NA
2020-02-28,24.605,1.303,1.019,NA,NA
2020-02-29,24.639,1.246,0.878,NA,NA
2020-03-01,24.681,1.331,0.85,NA,NA
2020-03-02,24.74,1.303,0.623,NA,NA
2020-03-03,24.774,1.218,0.821,NA,NA
2020-03-04,24.808,1.246,0.85,NA,NA
2020-03-05,24.842,1.246,0.85,NA,NA
2020-03-06,24.86,1.303,1.076,NA,NA
2020-03-07,24.945,1.869,0.906,NA,NA
2020-03-08,25.089,2.294,0.623,NA,NA
2020-03-09,24.91,2.379,4.474,NA,NA
2020-03-10,24.487,2.322,7.221,NA,NA
2020-03-11,23.859,2.775,10.024,NA,NA
2020-03-12,22.978,2.775,12.969,NA,NA
2020-03-13,22.084,2.69,13.054,NA,NA
2020-03-14,21.247,2.662,12.374,NA,NA
2020-03-15,20.688,3.794,10.251,NA,NA
2020-03-16,20.092,3.087,9.996,NA,NA
2020-03-17,19.484,3.143,10.194,NA,NA
2020-03-18,18.877,2.549,9.571,NA,NA
2020-03-19,18.441,2.747,7.815,NA,NA
2020-03-20,18.08,2.577,6.739,NA,NA
2020-03-21,17.71,2.52,6.796,NA,NA
2020-03-22,17.358,2.718,6.796,NA,NA
2020-03-23,17.031,2.803,6.598,NA,NA
2020-03-24,16.569,2.718,8.07,NA,NA
2020-03-25,16.082,3.002,8.637,NA,NA
2020-03-26,15.769,4.474,8.099,NA,NA
2020-03-27,15.722,6.428,6.966,NA,NA
2020-03-28,15.736,6.796,6.654,NA,NA
2020-03-29,15.789,6.994,6.371,NA,NA
2020-03-30,15.881,6.938,5.862,NA,NA
2020-03-31,16.035,7.164,5.38,NA,NA
2020-04-01,16.298,8.184,5.154,NA,NA
2020-04-02,16.598,7.532,4.049,NA,NA
2020-04-03,17.004,7.249,2.549,NA,NA
2020-04-04,17.358,6.994,2.888,NA,NA
2020-04-05,17.604,6.853,3.993,NA,NA
2020-04-06,17.731,8.042,6.569,NA,NA
2020-04-07,17.731,7.447,7.447,NA,NA
2020-04-08,17.76,8.155,7.844,NA,NA
2020-04-09,17.76,7.674,7.674,NA,NA
2020-04-10,17.739,7.504,7.73,NA,NA
2020-04-11,17.661,7.419,8.325,NA,NA
2020-04-12,17.633,7.362,7.702,NA,NA
2020-04-13,17.718,7.277,6.286,NA,NA
2020-04-14,17.71,7.023,7.108,NA,NA
2020-04-15,17.527,6.824,8.948,NA,NA
2020-04-16,17.302,6.938,9.543,NA,NA
2020-04-17,17.155,8.07,9.769,NA,NA
2020-04-18,17.184,10.109,9.769,NA,NA
2020-04-19,17.309,10.477,9.033,NA,NA
2020-04-20,17.443,10.364,8.835,NA,NA
2020-04-21,17.527,11.015,10.024,NA,NA
2020-04-22,17.54,11.497,11.355,NA,NA
2020-04-23,17.562,11.497,10.477,NA,NA
2020-04-24,17.71,11.27,9.429,NA,NA
2020-04-25,17.916,10.279,7.9,NA,NA
2020-04-26,18.124,9.968,7.561,NA,NA
2020-04-27,18.375,9.996,7.079,NA,NA
2020-04-28,18.534,10.081,8.24,NA,NA
2020-04-29,18.644,10.024,8.778,NA,NA
2020-04-30,18.644,9.911,9.911,NA,NA
2020-05-01,18.607,9.769,10.194,NA,NA
2020-05-02,18.461,9.854,11.525,NA,NA
2020-05-03,18.152,9.769,13.366,NA,NA
2020-05-04,17.795,9.741,13.875,NA,NA
2020-05-05,17.449,9.854,13.875,NA,NA
2020-05-06,16.983,9.571,14.98,NA,NA
2020-05-07,16.482,9.769,15.574,NA,NA
2020-05-08,15.935,9.826,16.141,NA,NA
2020-05-09,15.444,10.732,16.424,NA,NA
2020-05-10,15.008,11.383,16.424,NA,NA
2020-05-11,14.579,11.468,16.424,NA,NA
2020-05-12,14.149,11.468,16.424,NA,NA
2020-05-13,13.875,13.252,16.424,NA,NA
2020-05-14,13.641,14.781,17.5,NA,NA
2020-05-15,13.415,15.065,17.67,NA,NA
2020-05-16,13.319,15.291,16.424,NA,NA
2020-05-17,13.228,15.093,16.141,NA,NA
2020-05-18,13.198,15.489,15.829,NA,NA
2020-05-19,13.301,15.461,14.272,NA,NA
2020-05-20,13.367,15.404,14.64,NA,NA
2020-05-21,13.355,15.348,15.489,NA,NA
2020-05-22,13.186,15.263,17.217,NA,NA
2020-05-23,12.94,15.263,18.094,NA,NA
2020-05-24,12.669,15.404,18.548,NA,NA
2020-05-25,12.406,15.518,18.548,NA,NA
2020-05-26,12.181,15.234,17.84,NA,NA
2020-05-27,12.077,15.206,16.424,NA,NA
2020-05-28,12.083,15.234,15.178,NA,NA
2020-05-29,11.98,15.178,16.367,NA,NA
2020-05-30,11.714,15.206,18.264,NA,NA
2020-05-31,11.434,15.178,18.406,NA,NA
2020-06-01,11.068,15.263,19.482,NA,NA
2020-06-02,10.692,15.461,19.822,NA,NA
2020-06-03,10.339,15.744,19.822,NA,NA
2020-06-04,10.004,15.942,19.822,NA,NA
2020-06-05,9.673,15.999,19.822,NA,NA
2020-06-06,9.409,15.574,18.632,NA,NA
2020-06-07,9.265,15.263,16.933,NA,NA
2020-06-08,9.189,15.319,16.197,NA,NA
2020-06-09,9.189,15.574,15.574,NA,NA
2020-06-10,9.194,15.348,15.291,NA,NA
2020-06-11,9.194,15.291,15.291,NA,NA
2020-06-12,9.239,15.319,14.81,NA,NA
2020-06-13,9.289,15.319,14.725,NA,NA
2020-06-14,9.379,15.319,14.272,NA,NA
2020-06-15,9.44,15.291,14.583,NA,NA
2020-06-16,9.561,15.263,13.847,NA,NA
2020-06-17,9.684,15.149,13.734,NA,NA
2020-06-18,9.837,15.263,13.479,NA,NA
2020-06-19,10.034,15.121,12.828,NA,NA
2020-06-20,10.26,15.178,12.573,NA,NA
2020-06-21,10.488,15.093,12.459,NA,NA
2020-06-22,10.725,14.866,12.12,NA,NA
2020-06-23,11.008,14.838,11.582,NA,NA
2020-06-24,11.362,14.98,10.902,NA,NA
2020-06-25,11.827,14.98,9.599,NA,NA
2020-06-26,12.4,15.376,8.722,NA,NA
2020-06-27,12.959,15.291,8.835,NA,NA
2020-06-28,13.496,15.121,8.92,NA,NA
2020-06-29,14.049,15.093,8.693,NA,NA
2020-06-30,14.591,14.413,8.155,NA,NA
2020-07-01,15.119,13.932,7.844,NA,NA
2020-07-02,15.61,12.969,7.306,NA,NA
2020-07-03,16.123,12.856,6.909,NA,NA
2020-07-04,16.666,12.828,6.569,NA,NA
2020-07-05,17.212,12.828,6.513,NA,NA
2020-07-06,17.774,12.912,6.4,NA,NA
2020-07-07,18.375,12.828,5.89,NA,NA
2020-07-08,18.892,12.035,6.06,NA,NA
2020-07-09,19.364,11.553,6.088,NA,NA
2020-07-10,19.783,10.93,6.088,NA,NA
2020-07-11,20.047,9.684,6.654,NA,NA
2020-07-12,20.145,8.495,7.362,NA,NA
2020-07-13,20.229,8.325,7.362,NA,NA
2020-07-14,20.306,8.24,7.362,NA,NA
2020-07-15,20.389,8.325,7.362,NA,NA
2020-07-16,20.466,8.042,7.136,NA,NA
2020-07-17,20.535,7.872,7.079,NA,NA
2020-07-18,20.573,7.277,6.853,NA,NA
2020-07-19,20.588,6.966,6.796,NA,NA
2020-07-20,20.611,7.079,6.796,NA,NA
2020-07-21,20.65,6.994,6.569,NA,NA
2020-07-22,20.681,6.485,6.145,NA,NA
2020-07-23,20.813,6.654,5.125,NA,NA
2020-07-24,20.912,5.805,4.672,NA,NA
2020-07-25,21.044,5.55,4.021,NA,NA
2020-07-26,21.208,5.862,3.964,NA,NA
2020-07-27,21.34,5.493,3.964,NA,NA
2020-07-28,21.466,5.409,3.964,NA,NA
2020-07-29,21.569,5.154,3.964,NA,NA
2020-07-30,21.664,5.069,3.964,NA,NA
2020-07-31,21.727,4.814,4.078,NA,NA
2020-08-01,21.798,4.927,4.106,NA,NA
2020-08-02,21.877,5.012,4.106,NA,NA
2020-08-03,21.949,4.927,4.106,NA,NA
2020-08-04,22.02,4.927,4.106,NA,NA
2020-08-05,22.084,4.899,4.163,NA,NA
2020-08-06,22.147,4.842,4.106,NA,NA
2020-08-07,22.204,4.899,4.248,NA,NA
2020-08-08,22.268,5.04,4.304,NA,NA
2020-08-09,22.332,5.097,4.361,NA,NA
2020-08-10,22.388,5.04,4.389,NA,NA
2020-08-11,22.444,4.927,4.276,NA,NA
2020-08-12,22.581,5.72,4.134,NA,NA
2020-08-13,22.638,4.899,4.219,NA,NA
2020-08-14,22.654,4.446,4.248,NA,NA
2020-08-15,22.711,4.389,3.738,NA,NA
2020-08-16,22.784,4.389,3.54,NA,NA
2020-08-17,22.849,4.304,3.54,NA,NA
2020-08-18,22.938,4.332,3.285,NA,NA
2020-08-19,23.019,4.191,3.256,NA,NA
2020-08-20,23.109,4.049,3.002,NA,NA
2020-08-21,23.199,4.021,2.973,NA,NA
2020-08-22,23.314,4.049,2.718,NA,NA
2020-08-23,23.429,4.021,2.69,NA,NA
2020-08-24,23.561,4.219,2.69,NA,NA
2020-08-25,23.701,3.993,2.35,NA,NA
2020-08-26,23.859,4.078,2.265,NA,NA
2020-08-27,24.034,4.049,2.01,NA,NA
2020-08-28,24.21,4.021,1.982,NA,NA
2020-08-29,24.403,4.106,1.869,NA,NA
2020-08-30,24.562,3.794,1.954,NA,NA
2020-08-31,24.757,4.248,1.982,NA,NA
2020-09-01,24.978,4.163,1.614,NA,NA
2020-09-02,25.165,3.851,1.671,NA,NA
2020-09-03,25.328,3.596,1.699,NA,NA
2020-09-04,25.475,3.398,1.699,NA,NA
2020-09-05,25.587,3.002,1.699,NA,NA
2020-09-06,25.7,3.002,1.699,NA,NA
2020-09-07,25.812,2.888,1.586,NA,NA
2020-09-08,25.933,2.945,1.557,NA,NA
2020-09-09,26.02,2.577,1.557,NA,NA
2020-09-10,26.046,2.322,2.01,NA,NA
2020-09-11,25.933,2.492,3.794,NA,NA
2020-09-12,25.682,2.492,5.38,NA,NA
2020-09-13,25.337,2.577,2.549,NA,NA
2020-09-14,24.91,2.407,7.362,NA,NA
2020-09-15,24.461,2.605,7.787,NA,NA
2020-09-16,24.001,2.464,7.787,NA,NA
2020-09-17,23.545,2.492,7.787,NA,NA
2020-09-18,23.093,2.549,7.787,NA,NA
2020-09-19,22.622,2.322,7.787,NA,NA
2020-09-20,22.156,2.379,7.787,NA,NA
2020-09-21,21.694,2.435,7.787,NA,NA
2020-09-22,21.239,2.52,7.787,NA,NA
2020-09-23,20.773,2.379,7.787,NA,NA
2020-09-24,20.313,2.464,7.787,NA,NA
2020-09-25,19.836,2.379,7.9,NA,NA
2020-09-26,19.357,2.379,7.929,NA,NA
2020-09-27,18.885,2.464,7.929,NA,NA
2020-09-28,18.411,2.435,7.929,NA,NA
2020-09-29,17.93,2.35,7.929,NA,NA
2020-09-30,17.449,2.35,7.929,NA,NA
2020-10-01,16.92,1.812,7.929,NA,NA
2020-10-02,16.488,2.209,7.192,NA,NA
2020-10-03,16.016,1.614,7.079,NA,NA
2020-10-04,15.497,1.076,7.079,NA,NA
2020-10-05,14.937,0.708,7.192,NA,NA
2020-10-06,14.332,1.671,8.693,NA,NA
2020-10-07,13.709,0.283,7.504,NA,NA
2020-10-08,13.09,0.34,7.504,NA,NA
2020-10-09,12.528,0.765,7.249,NA,NA
2020-10-10,12.02,1.472,7.334,NA,NA
2020-10-11,11.54,1.812,7.362,NA,NA
2020-10-12,11.068,1.897,7.362,NA,NA
2020-10-13,10.591,1.841,7.362,NA,NA
2020-10-14,10.097,1.784,7.476,NA,NA
2020-10-15,9.642,2.237,7.504,NA,NA
2020-10-16,9.214,2.549,7.504,NA,NA
2020-10-17,8.88,2.492,6.371,NA,NA
2020-10-18,8.57,2.492,6.088,NA,NA
2020-10-19,8.258,2.464,6.088,NA,NA
2020-10-20,7.952,2.549,6.088,NA,NA
2020-10-21,7.743,2.464,4.899,NA,NA
2020-10-22,7.549,2.435,4.672,NA,NA
2020-10-23,7.354,2.407,4.672,NA,NA
2020-10-24,7.167,2.379,4.559,NA,NA
2020-10-25,6.995,2.322,4.304,NA,NA
2020-10-26,6.825,2.265,4.248,NA,NA
2020-10-27,6.65,2.35,4.361,NA,NA
2020-10-28,6.472,2.464,4.502,NA,NA
2020-10-29,6.294,2.464,4.531,NA,NA
2020-10-30,6.119,2.492,4.531,NA,NA
2020-10-31,5.942,2.464,4.531,NA,NA
2020-11-01,5.911,2.633,3.002,NA,NA
2020-11-02,5.931,2.605,2.379,NA,NA
2020-11-03,5.942,2.549,2.407,NA,NA
2020-11-04,5.954,2.549,2.407,NA,NA
2020-11-05,6.017,2.633,1.897,NA,NA
2020-11-06,6.064,2.69,2.152,NA,NA
2020-11-07,6.091,2.577,2.265,NA,NA
2020-11-08,6.134,2.775,2.265,NA,NA
2020-11-09,6.166,2.633,2.265,NA,NA
2020-11-10,6.195,2.605,2.265,NA,NA
2020-11-11,6.23,2.69,2.322,NA,NA
2020-11-12,6.259,2.605,2.265,NA,NA
2020-11-13,6.278,2.18,1.954,NA,NA
2020-11-14,6.431,2.888,1.104,NA,NA
2020-11-15,6.592,2.718,0.85,NA,NA
2020-11-16,6.75,2.662,0.85,NA,NA
2020-11-17,6.901,2.605,0.85,NA,NA
2020-11-18,7.097,3.115,0.85,NA,NA
2020-11-19,7.297,3.171,0.85,NA,NA
2020-11-20,7.451,2.633,0.85,NA,NA
2020-11-21,7.603,2.605,0.85,NA,NA
2020-11-22,7.756,2.605,0.85,NA,NA
2020-11-23,7.91,2.633,0.85,NA,NA
2020-11-24,8.057,2.549,0.85,NA,NA
2020-11-25,8.206,2.577,0.85,NA,NA
2020-11-26,8.347,2.577,0.963,NA,NA
2020-11-27,8.47,2.407,0.991,NA,NA
2020-11-28,8.599,2.464,0.991,NA,NA
2020-11-29,8.729,2.492,0.991,NA,NA
2020-11-30,8.86,2.492,0.991,NA,NA
2020-12-01,8.987,2.464,0.991,NA,NA
2020-12-02,9.11,2.407,0.991,NA,NA
2020-12-03,9.239,2.464,0.991,NA,NA
2020-12-04,9.355,2.577,1.218,NA,NA
2020-12-05,9.464,2.549,1.274,NA,NA
2020-12-06,9.582,2.633,1.274,NA,NA
2020-12-07,9.699,2.633,1.274,NA,NA
2020-12-08,9.775,2.152,1.274,NA,NA
2020-12-09,9.884,2.52,1.274,NA,NA
2020-12-10,9.992,2.52,1.274,NA,NA
2020-12-11,10.097,2.492,1.274,NA,NA
2020-12-12,10.207,2.549,1.274,NA,NA
2020-12-13,10.313,2.492,1.274,NA,NA
2020-12-14,10.456,2.945,1.274,NA,NA
2020-12-15,10.557,2.435,1.274,NA,NA
2020-12-16,10.666,2.52,1.274,NA,NA
2020-12-17,10.784,2.633,1.274,NA,NA
2020-12-18,10.904,2.662,1.274,NA,NA
2020-12-19,11.03,2.492,1.019,NA,NA
2020-12-20,11.157,2.464,0.991,NA,NA
2020-12-21,11.251,2.52,1.444,NA,NA
2020-12-22,11.322,2.379,1.557,NA,NA
2020-12-23,11.418,2.662,1.557,NA,NA
2020-12-24,11.479,2.492,1.812,NA,NA
2020-12-25,11.524,2.464,1.954,NA,NA
2020-12-26,11.591,2.747,1.982,NA,NA
2020-12-27,11.647,2.633,1.982,NA,NA
2020-12-28,11.692,2.52,1.982,NA,NA
2020-12-29,11.737,2.492,1.982,NA,NA
2020-12-30,11.776,2.435,1.982,NA,NA
2020-12-31,11.833,NA,NA,NA,NA
2021-01-01,11.903,NA,NA,NA,NA
